name,label
2b81b0e3-6ccb-41db-928f-2c275f4f292f,2
75e91aad-dd6b-420f-a09e-00380358bbed,3
1ab2def0-4660-4cd4-9b76-c90e5c9ddcfe,2
2391f5d8-dfe3-40f2-8403-fc7600a68076,0
15cf1a27-e6be-486e-9711-db27bbb58d19,2
d0c09627-6285-497e-bdf6-ba1f29b9298e,2
b7ba1f41-3a62-49d8-b090-5a3e90d7d880,0
b858554e-c316-4604-aab9-54e6c1ce3fd2,1
00c0fa51-6f68-4e41-8944-69962995ff92,2
ebfb4a95-ab7d-416f-8e0b-556a12015436,2
8a4e764c-cafd-41e9-9e03-9ab7c156ea3f,2
8f50438f-5c56-413a-bb43-28f9a2e160f9,2
fbd4504b-6985-437a-a639-f542f1e9d777,2
a3be61c6-a1dc-4da3-a8cb-f668caa52af0,0
d128cfda-f74c-4c32-8657-195b739a0f40,2
8bb5c86a-db3e-4ec2-aee7-6e615424b41b,2
6e63f020-e40a-4042-aae5-51d09eb20a49,0
17ef0750-7c3e-4186-bf7f-92fa581f1681,2
0230f0a8-0982-4e16-8571-17f074e01e2b,2
b5ba1e0a-2997-458d-ba25-dee4c4a7d59d,3
d7401aa7-4cf6-4fbd-b08c-3a3943dcff23,3
c4be2ca0-827e-4041-a43b-03304bdcb48e,2
42b6a2e1-599e-4339-b11c-5385cf75ec12,0
2990c35a-082b-4e68-b813-0c614e69971f,2
23351034-0853-431e-bbe5-a077c290cad4,2
868e416d-9529-4493-998a-bd1aedbbf0b3,2
b6a3e34d-0522-4a4f-b704-5d2e107e7b81,3
a173232c-b480-4703-b184-3f99e3849d4c,2
4f838e72-f122-44e2-aeec-605c9fbae370,2
9c52cc63-0992-4e46-8cbb-71c126e0d616,2
8d297744-ed2f-4a80-aa94-1b4159280f9b,1
5b4a985f-8d24-4aa1-971e-4eaf9a189e7d,1
a77a3e1a-ef15-450e-bb6e-5d253b8459c9,2
dd107c20-b7b4-42a9-b079-bdbf3c5251de,1
1fff0731-76c1-4823-9787-ab2b5db8c6b0,0
a701cf1e-9166-4b18-b137-87f06974191f,3
177bd062-71d3-43df-9ab6-1123637c6d1a,1
4fecd707-cb46-4cbe-a64e-aebdeaed12c9,2
0740f77e-2ab4-4c48-8278-08d27d1313c8,2
46d5f089-e925-4fdd-96cd-d69dcfccfa98,0
42cca5cd-ce36-44f1-8ee4-e1291ce49e82,1
7bd66cc4-2f7d-48df-8962-ba545c6683a2,2
caf57397-4e37-46ae-be47-a4772ebc4725,0
c73d8585-a055-4da2-bf37-d9705f69dc52,3
b67e119e-4224-477c-8d2a-23fb2a59636a,3
d5e011e5-fa8e-4afd-af1f-ca0cf226b300,3
3190025a-b0b0-4910-be16-fde991ba30ee,0
8f4d9c37-0d17-4930-aba0-1472831e251f,2
ede92d2a-96b4-402c-ad2b-dbb98bbd8695,3
32cfca34-17e4-4ce3-81f5-930e8bc03ada,1
25fe73b0-e639-4aeb-8d90-16edfcd42731,2
715887a3-9c76-4496-bb5b-bd6d83bf6ae9,3
02d43633-ad2f-4598-964b-f4417d2c9a1c,0
30f68a44-434e-4d00-ab6d-82e67aa19ad9,3
0ff51d04-0a48-4a50-a5d4-7ce0f13975cb,0
ad2e1165-8bfc-4c23-be33-2bc3845bb817,2
0f9f0ecf-097a-485e-b4a5-27e5d391b7c4,2
c1ad676b-3999-4ba9-8377-a7e71aeb2efd,2
b6ffc46d-855b-4f50-a26c-ed1227a3ca7d,3
7beb60d9-875c-41f2-a32a-8fa6de04c689,1
c47bbe9d-3177-4ee8-9a5c-b95eeccf4703,1
d976ccb1-1e38-4da2-b682-5866beb7a229,2
af90e7ea-4b8a-422c-a098-c8cdff13a1bb,1
679f4e3f-dc37-464f-847f-639226f06fdb,2
e99e3706-b901-4d1c-b99b-d335572fdafb,2
10f7c0e9-99ec-42e6-9983-809d45c47d5f,3
34f59b6b-280e-4852-b8ae-1707e79886d2,3
0924db81-4e5e-40f5-ad45-cb61ab3ac49b,3
41ff5317-9a8e-4176-8550-bb86f2fa6dbd,2
219c5abf-ca4d-4842-880f-2e4df020a313,0
aed926ea-8b55-4752-ad01-0fb4c4084283,3
8dd8e4c4-69de-41ef-9f14-eca34a6bc971,2
bf770213-085c-400a-97c2-e5d665f85bb1,3
1c84b6d6-9a7c-46df-be42-b2c8df4f67b3,2
87f4b533-1be4-452b-b437-e8b7f783a1ff,2
6f2d4980-87aa-410c-945e-e12595f2b33e,2
e1eef112-fcc1-4419-8b8c-d5a295ad84cd,2
027118cc-0b4d-44cd-b270-dfb155575a60,0
2410dea6-4d7e-4f44-9406-171c2028b35a,2
37c98fe5-6563-4868-af3f-a29ea41df08e,3
7098a9b8-07dd-4a3c-b27c-4527b1c1674a,1
6d54f38f-6df8-4b18-bf01-36e8073b2bdb,0
587be373-dea7-49a1-9449-fc7a644c0358,0
28e5c0e6-0081-475d-920b-2279013d9ee1,0
e69d1a21-5d27-42ec-bb1b-50cb622121f2,0
139d0ab1-0de4-4ab0-8f09-a89f32542d24,0
e8c0b1af-2ba0-48f6-b363-cbe38c54f195,3
4b22bcd7-b423-4ee7-8ba5-bdb827287156,2
03ae5f11-ebac-4172-8a1e-82a5d0823342,2
c032f268-3abe-4195-adad-033f9640fba0,3
5c024ad3-9d4b-4bbf-8e71-cc19c6277df5,1
53c7565d-7ff8-4844-a08b-10d8e8e43af7,2
d483b77a-f9d5-4284-b9e4-f2d4c68c6f6a,2
705a07c8-0653-4eda-8d85-7eb62263f431,2
d9f0407c-884a-48ed-b5e7-cbb90527f286,2
ad489911-8f88-4757-8f5b-e5b8a33c7915,1
e12dbf18-e2d3-4764-ba8d-1456a2feff6f,2
fb590b49-3989-409b-8dbf-41a026a7feb9,3
7afa7168-2bab-4195-afa4-8161f9cd47e8,2
80462cd5-2fc4-4228-8f6f-eb858d6fa99f,0
8401ccf8-00d8-421b-85f6-3cbf21e3669c,2
39ea4504-13b5-442b-a038-8a2249b2de05,1
e3551041-7b45-4f8c-a3b1-a3feed772e0b,1
79602515-79ad-4cb0-8beb-24bdde2b202e,2
799a4d27-7d6b-4be5-b816-4491c0ff722b,1
917cbb93-52fd-441c-8406-06e196b4baed,3
b8fb7b08-7654-4410-80da-c8ec8ca31598,2
039c44e0-add1-416c-837d-adcc6651d252,3
419f57b3-5e90-41aa-a982-4d2b678a3143,3
94425e30-6f19-475c-9c99-6c2312f5a5e2,2
50c09708-89fc-4e7a-a466-83cc961faa9b,1
5cb2aab6-9f00-429c-957f-a4cdead7c7d3,0
45d8391d-a07d-4689-9e13-18d807ae6cd7,3
2ec4e8a4-55ea-460c-9d17-e08d105129b5,2
b4154c9c-c337-4f9d-a25b-452d243e9239,3
df43fdaa-5f47-4713-89f1-e0b3687868ff,2
9deb1fb2-a85c-4d68-9db8-44871d362dae,3
361f5b30-e432-42e3-950c-b8e40b8b206b,1
bad4de5e-e58b-4442-b89c-cb1ba93038e0,2
d5fe178d-7a3d-42d7-a181-70e2aaa364f6,3
b126a61f-72ec-4516-b6b2-fcfa6f1877f2,2
ceec67f8-52e6-45bf-80f9-42428c2f299e,3
9b35bbf5-aa0a-43b4-89d0-fd25f8adfd0a,3
cb004d4b-bca2-436c-9950-75d3e21f806f,2
db0ed35a-8797-41a5-9511-19e417d99bbc,3
a6f0db84-21d3-4d68-8138-cefc87b754a7,1
70283f49-37fa-4fe2-bddf-748fa4bf08c3,2
59a563c1-27b2-4244-b03b-4fab5c1c85a7,2
8797dec8-8dab-4904-8bd7-f4aa64a40d73,2
c809d567-9138-4dde-a3d9-745178c55f45,3
4c2728e0-a706-42af-8bb9-29336df7d7e5,2
73bb9ab3-4e47-4da2-aba2-458c1414e965,0
50e406fa-be8c-4dfa-9e29-e06b8f8eb5a0,2
a255a289-7099-4b38-8db3-306886b37d08,3
080d04e5-008b-4c67-b6aa-d5e2d473ebba,2
4398acb0-e4c5-45b0-9bbd-92e294d02eaf,0
be73fea7-7cfa-4cc8-9e91-e9ab43496922,2
7b5c04a7-4cf7-484b-b5cc-a6dd062a9575,2
19f906a0-a390-4693-a593-000f90b3f2fd,0
b3aee795-2fb7-4b56-88fa-d4cafeabefbb,0
c73c14f4-0988-4b29-8446-8ff9ef7a2ede,0
482e1b47-8039-4420-8a2c-bcbc270c31b3,3
0f46a4b9-c954-4729-a972-f59e0b1d83ca,0
b779cd98-6050-4b9b-85db-2a2a91eec48f,0
acc8b752-8792-4499-973e-f53de9947527,0
74da8115-8af7-44c6-9e92-36425790f06c,0
f49c39e6-5dd4-4430-8a3e-57aa41be615f,0
9c977903-4903-4993-b45e-28db820d01a8,2
d464e551-7f69-4f50-94ac-7cf5154daea1,2
c7a38526-48e1-4b05-bba0-2261f5708a07,2
bff0f5f9-36ce-4c60-b495-3a41051e2fc2,0
c04685c4-e310-40ee-b6b8-0b4402d3b013,2
cc8fe2de-40c4-4a93-a3df-ddf28cbabbb0,0
c8958951-1c95-4fce-84b5-2998818d7b58,0
22bb77d0-7c28-4567-8f9e-786513535aee,0
f41949b6-335c-43fe-9342-201978bc7d53,0
29e69712-b8a8-430a-9362-4f9519b26e83,2
2d7eebac-8307-4ce0-b68e-e4c89ff7deed,2
f8523667-5027-4541-a3df-c8a752ef6ece,0
083bc259-5fd7-4f9d-9d10-551ce8e71d50,0
53b2f321-ac08-4d1c-99d2-a0069e286291,0
ef5ca9e8-f9e3-424f-b8a9-f0ec8c2d318b,3
10c7bcfb-ad37-4595-923f-5886feae3444,2
1fc6066a-2bb1-4bb2-88ca-9758d6971ac9,0
43258ea4-5d0b-4d0e-8ef5-9d85edafaf17,0
635682a2-9a09-4522-938b-c6ba8d904b6b,0
bfc25d94-ea3c-4513-a40d-febf8b0950dd,0
0098215f-97af-4fc4-a312-b8d2b4fac4ca,0
d2f1e236-3c6a-4dce-97f4-030146e73f62,0
1c031b4b-6510-454b-8f14-77cbf871d695,0
3cc12b3d-af44-4cda-b938-4784433c1499,0
b550999d-d231-4f96-a7c8-b0e64f6b689a,0
6f2857dc-2a56-45d4-834c-ce5bb523b6a7,2
415f2743-2905-4f78-ac35-c6203158e9c0,2
f2a71c42-9c34-48da-b2e1-9bf42afc0b3f,2
7c52b954-1d30-4a90-8f64-808b8439aa9d,2
2a56a7f2-2aac-4fe7-9f05-13ab5ee77f54,0
4ea0494d-c118-4d94-a08d-f0c687adafc2,0
a3d7604f-00e2-4a9f-adbd-2cda9aa81a0f,3
576a8008-8644-421c-8b5c-157e905c9fca,1
65f2df20-49f5-4afc-a9be-efad2cf842c6,2
a86f3e5a-ffae-49b3-b3ac-bd3705059f82,0
3c0426fe-013d-4802-9e43-89b41772049f,0
04b4e026-98cb-41c8-8309-58dd89d55dfb,0
10cd61fb-777e-40d2-abc1-3781d9687750,0
3348738e-dc26-434d-b316-7420487b4ca2,0
f8aaec31-8a9b-4808-a6dd-432301b89a53,2
62a398b1-a369-4101-a895-465d6937ce61,0
cee58719-06f6-4f65-9aa7-c810a9b908cc,0
c35425cd-d5c5-4229-815c-cbf46b600ee2,0
d7508bf2-0ca8-4cbb-957b-a4de0b4c7ffa,0
7b5c7c8f-6795-4b76-9d4b-1e02beb6abf6,0
0cbd1ff5-2ec2-4c62-8078-d1f0a0c9a819,0
91485d47-0b33-4452-b646-bf819747e6c3,0
96b1029a-1b80-4080-b507-8c29c660ee0b,0
6365f964-55a2-453a-8b17-2fd22db044f2,0
dde31150-f410-4aa1-8898-5ef79c3d964d,0
61e10364-6e41-48d0-ad7c-283e6e017777,0
8180b912-a800-4b52-bf20-cbf28c98de51,0
defa7b05-4d39-4343-9475-1c878f394685,0
9ba30826-bf98-479e-80f6-61c3184a8a93,0
f32e08bf-ab0f-4594-bff1-d3ac29bdc60c,0
652c067b-983e-4c92-88b3-ca36e4faeeea,0
defad082-2cef-40b1-a12a-991402454419,0
15ed7bfc-1f79-4acb-b973-85890097b04d,0
bfc6ef5a-435b-4c3b-b81a-db28a03be958,0
d477a26e-c636-4c88-9610-0f06c50283aa,0
d23ca294-bd5d-483f-b7ab-25a587038ae0,0
c679f006-0e1d-4fd8-b52a-3fa2330e3983,0
6a10e5b2-fbf9-4e6c-bdad-942a14ae8d5a,0
4ae153ce-36bc-4294-a7d5-4cad7ec283b4,0
3c037dce-6eef-4fe3-bb2b-069fb42a765f,0
8d608429-6cae-45d8-9a7c-d8da9f65b86e,0
6df87aad-dc90-47c9-aafc-57dad6453613,0
28cfd5bc-e877-437d-b61d-0d3fa46086cd,0
3bfcecfd-36bc-4941-8670-791ce91859fb,0
d341dc57-dcb4-4452-b92c-ba57ff068d9c,0
05d8ce2e-c722-4cf8-8fe4-0fc7b5e3e1cf,0
ea183bb3-9ec9-4582-8f7d-12ce6208f7f9,0
e4b5829e-9e37-4e60-aaa0-08c560a6398f,2
a696dc6f-a5cb-48a7-8b9c-677fa4902dc3,0
91adb6ef-cc26-456f-86be-180af0ecb655,0
f34439f7-c413-466f-b046-5822972a464d,0
efc6093e-6410-4119-a470-a0ce3ee843ef,0
d5749493-03cd-4fc0-bad3-3032e478d965,0
df47ed2f-12db-4d3b-b1b5-1344b43d7984,0
0202e374-a649-465c-a873-aa5a72ddb03d,0
7fbc5eab-072c-42d3-88cf-e9954cce0500,3
555f8862-3911-404b-b65e-3e3c839d4220,0
5d83abb7-34df-4165-a889-be840756612a,0
6d2a4ba6-62bd-4cb9-8d22-bdabb68172a0,0
38960797-76b4-4b16-84de-cadc8bfde2e4,0
72510465-057a-4afb-8bbd-ffb05fa367fd,0
c024b3a4-6ea1-413f-9913-6a0ed31c6045,0
fa9f98d2-5d4c-45da-a1b8-dbf20e22b789,0
fba76667-8a1c-4d9d-830d-39d8e00fe900,1
4482ff64-f43b-4f80-b1c8-6c925826e4b7,0
04bff3d6-1981-4185-8e7c-8da36b928a31,0
4f22947d-96f1-44e7-8c4c-324c0368ce23,0
c1ef89e3-3d5f-4833-b14b-9afdc8afb166,0
95dc0915-9da0-4014-9ed9-be88849fdeaf,0
c54945a9-f67c-42c6-abbf-ee73a194d7c8,2
ef92ec75-da42-4928-927c-161cbf6e3979,0
cfb9c5f4-13ba-42ed-b13e-a95c67dab417,0
c2c5b285-c0c3-417a-915b-e8ac95a84b8d,0
74e79bdf-491a-4b89-b60e-1b62acaa97a0,0
abcd19b6-6897-4de6-9c0d-8b31bb8cfef1,0
d12a6e49-6768-42c8-9f3a-ede47eb40918,0
387ce02c-b05e-45be-b775-436d036298e3,0
423199c8-0639-46e2-ba74-76e9837dadf9,0
c816f166-0fd5-47fb-838f-50cb425d3037,0
abc89c84-e956-47af-a947-2995f5b214a4,0
120e051d-a27a-4416-81d1-b3ed14d3ca6a,0
1e055508-d7bb-4cd9-8dea-f11300443217,2
47dce6d7-9ebb-4b56-b0b9-ad2403ad4600,2
e3cfeeb1-1e84-4919-8783-3874e64c40d8,0
85edbd92-2661-4ebf-a01f-bc6ec6d5cde9,0
5b94acfc-d169-44e1-9b50-f2c423bc3695,0
e558308f-90aa-48e5-8747-364e205f658b,0
d6a936ab-c59f-4fb6-90fd-9381ed16df3f,0
ef74899e-19cc-43fd-8944-09e4768490aa,0
0a17a4e9-d21c-4047-904f-2c14850df8f4,3
ba05deef-1592-41d4-a5fa-2f6accae1e61,0
8941f4da-23fb-4b36-ab54-d1b2418a40c9,0
56332977-0b11-4cc5-bf03-38365cf5a2cb,0
b7d870bd-6bf3-4d40-a451-6587a60f2ccc,0
28b121e3-4f40-44e6-a231-adbdc503a1ab,0
550bc7bf-dd15-404e-a4b1-8bac5561c2fc,0
6cf2089d-2940-4bc2-b16d-7402d090e9d2,0
8af52389-d541-4911-9566-43088c164d77,0
776bb074-e2d0-49b6-8b63-f1ff33785340,0
8f5a04f7-a9bc-45d9-a951-4474c55b7b3f,0
dbdbf7bb-36aa-40dd-ad56-860c49f1e2d7,0
c41fd02a-f161-4c6b-9018-e0dbae62f03d,0
db9712f4-eb72-49e5-9c3e-87a8a3b5e506,0
af7579cf-a0a1-45a2-8f7f-bc11f333e355,0
12c2f2dc-3b0b-4a62-8a93-204fe6c5b0de,0
68970d2b-9d2f-4774-955b-2f12e3329296,2
828e2068-e3a6-4883-9f94-c7c6877a3ca2,0
302309ce-bf1d-4c52-bfa0-39d9ee2e1cd0,1
970fd659-5f8d-4018-84f9-c2da4e98afa6,3
3001cf53-da4d-4e05-ac6c-cfcaf6d958b6,0
7e92367f-edf5-44c0-a0a5-2911d6f85700,3
77ea280f-dd6a-47b3-9f68-bfaa91215a5a,0
02aeac73-b4e7-4ed1-8090-24da33ba2295,0
79995874-c6eb-4775-b580-2de76d0fc629,0
cb4f123f-93aa-49c3-a9c7-39cac21644f1,0
63fdef5e-2aa1-4e44-8edd-a24eaa0304ef,0
436982ea-12fa-4cb6-9f8c-d9020a58d070,0
66ceecbc-fb82-4ecd-9577-fd0172f4225d,2
03886b21-d60d-4fea-8ee0-3af8b89736fa,0
efe7665f-059b-4b2d-b948-541e913a07eb,2
9ebbfcfc-4892-4344-87d7-4cb59a3333dc,0
f74e974b-476e-4226-8e1b-b9e5f9b1421e,2
6fe9b8dc-58cc-48d5-886b-2d851f6af759,2
3cd34b36-47c8-4e27-a779-e5654e5fe0c7,0
1d359636-f201-4509-b996-aa8d5a063ab4,1
3f8cd901-99da-4566-8b23-abc55a0b33ba,0
ef946c9b-c7ca-40f8-981b-cab84f921423,0
569993b5-c553-4184-8b4c-9bcb2784104d,0
6ea2bfc5-f5d1-43b1-9f83-1334f8bbd719,0
8722cdc9-8a68-458b-bb6d-4311ff8b47ff,1
1527a8f1-02a0-4ada-9c7f-4d99103dfe99,2
cd090399-cbc8-4af9-bc67-3120a90dd9c5,0
ea45843c-7248-4e31-889e-eacafd2cc0a1,0
dd2dd679-5b75-4dd7-ac30-6833d37bb4b1,0
fa3e4b3d-075d-45d1-8445-08c610bd81fb,0
7f99f306-48ad-47ec-a5bc-d45420ef1cbf,2
6b3d89a1-7f6e-44e1-8d17-2124acd9c274,2
8d09ea47-51e1-4268-ab2b-dc08d6442872,0
e52bd6ef-127f-4275-803a-d8adb5b92e2d,0
899eb185-0c45-4829-b4ac-5821253fe079,0
86cbce33-5bb0-48b0-bb39-60ae58b3a148,0
f7ced092-2877-4390-9cf2-54c061e10b82,0
0de80b2d-54c7-4ff6-994d-cb674a92eef6,2
84a2a9d2-8c8e-42d6-bee1-c39c88bfc44c,0
686edbed-69d5-4c55-b1c0-014e7e82498b,2
f75d2f65-9f72-4ebd-b287-58a4e843fa48,0
fc18210f-6b6e-4b4b-89a4-b04b9fb07ffc,0
fcfc4c4b-a782-4d06-a7ce-33da6742345b,0
4ab52654-a4d0-4240-a342-3f6f23c42de2,0
4f627168-70a4-41b6-9cfb-624ef801b3a4,0
6df69678-f4b3-461b-b4b6-395b4773a7ff,0
1786f6d4-9c10-4c8d-b606-94ef4a63b2de,3
158b3ac6-9bb3-4035-bf39-7c739f30e0c2,0
10339451-2e92-405b-bd0a-a4660ec9d126,0
ed4db7ba-bd4b-496d-b595-3bdddf94a370,3
a4d5a35a-0f94-424a-a827-83fa6fa77e22,0
e87a25f7-953d-49ea-af67-20fa6f23c6bf,2
a1af5b13-0dab-4da8-b862-f83bdb256e8f,0
68fc7339-3111-444e-8e4b-79ece9062b65,3
d31fe0a0-0273-4ca0-8017-041becd85f9c,0
6251c680-1466-4d4a-8ba5-d4548604cf4f,0
19def77a-b7ab-4926-b368-8058f5ea9a11,0
d2bbaf0c-1fba-43f9-bb16-62ec5267e9c5,0
867ac680-0146-45e0-bf2b-6bf85832f38f,2
e9fdce80-bbe1-41cd-bfae-b0e333d7e6d3,0
569f8793-ec4a-4ec9-88f6-48a1e7d96171,0
66610913-49f0-45bb-aad7-d73d3b685b66,0
1aef2dcf-de37-4380-8cf5-9a2c41873839,0
dc6aa961-3b47-4448-b6a7-9fda103e4c4a,0
01f9ffc8-3bd8-43e9-87f0-69ebfd0cd014,2
a96c6325-19ba-4b5f-8fa1-24921db8e1a2,0
e9c560be-0b76-4777-b94b-3bc33d0d2c03,1
08c9dc25-bc61-4291-9bdd-53a041366525,0
a7abcf3a-3e8b-44cd-bc36-86c1627398d8,0
b56ef033-b9b5-4d64-ad22-9e5f41af202c,0
4fec471c-80f5-415f-a144-e6f6b6b4ff0a,0
43c45ca5-eb5e-4048-8849-adbcb76225fa,0
0745c128-6331-4f32-8cad-90c3355a1ebc,2
c722c82c-c03c-4e3c-9659-fe245c508c98,2
31d89b33-7669-4456-8090-b4b5ee1377ef,2
ad850c27-c264-4496-b090-6ab9daa3c2fd,0
969e77e5-c4f7-416b-a092-e71b6074eb01,0
4c78bdc0-dfe2-4a2c-bf41-e330b7a4938a,0
256642f4-1395-4718-9415-f700fddee070,0
fc204482-36ea-49d1-b37b-af08e5857674,0
467f271a-adbc-40fc-82f7-7f57e06816d6,0
1bf7cd5f-d129-4103-b9f3-ea151a1399f6,1
a565fe21-99fb-4797-989d-23c72568ea33,0
d6ea62a6-33f2-4747-9f77-820a09110a95,0
d9081c20-ca5f-4536-9077-d594fcefae2b,0
23b7569d-3079-4b36-b87c-6b012e5bf901,0
bc339c49-c3a2-4737-855d-933eed7a27df,0
b558d190-aafc-46e6-aac6-059e7942bed3,2
4e8db3d5-41fe-4781-ac70-545f0f007580,0
b98e7504-8bc6-4481-9cad-b8aae497197d,0
8514df33-3f2d-4735-af84-47cfa0ba5008,0
1578da09-a1f2-4d68-868d-5e3552b1ed7d,0
6887c7c3-83cc-4eb0-9633-8ceeac0a0572,0
bf577683-0e61-4c90-8e93-8c611a575ea3,2
5d3e8afa-5ed3-489c-ab22-a04f76342545,2
cee291da-3f90-4ac1-aa1b-2e000c1766e2,1
bc160256-d185-4b1f-8261-65ed108bbc63,0
4dbefbd6-8464-4f2c-97ea-9b40f4960edb,0
0622db30-4de1-45b0-8814-c5c77afe833a,2
537fc1ca-b20c-4ecc-addd-395ccde2dadd,0
87731918-7438-46e2-a9af-4f64b8ed20dc,1
9f7e10b0-0a74-4fb4-83fa-ded206c52209,0
28710652-d79d-41ec-a0b2-da0e979723c2,0
79c78c28-d4ac-4d4a-b762-08d7c212ea7a,0
3f7ec9ee-7961-48c4-987d-469bdd96918c,2
890e97f7-3dbc-438c-a1c0-d46c86b08e80,2
52778383-6c29-429b-abed-eb2622395aa3,2
1da8cc4a-a478-4238-9787-df98e903e111,2
9e5c2aea-be48-404a-9218-8de55e10231c,2
77762c24-87cb-40d4-b49e-b5060558a3f9,2
7e8125aa-6653-4917-b72a-780f82ded944,2
b9b0e25d-e537-4230-9f76-f4d44ecfe823,2
d3cf4faf-916b-4ea1-b281-7b29f3b42d97,2
c4f9aed0-61e6-4615-9177-463b542b99a1,2
d6860c4c-5e4f-4713-93b1-c2f1fedb2187,0
830c3ca8-2aa2-47d8-85d5-d94df3b9d55c,0
6b09ff80-7b86-4bed-8628-a942a3dc54a5,2
851c4450-07ff-4a3f-919a-7d23e0b14205,2
658845bd-4c7f-44a9-bff8-9f610d3390e7,2
b28bb96e-f67d-4082-b159-ef2279e61782,2
21f6d291-04f7-4cc1-8e7e-11d7b3cfc055,0
238ac7fa-7a59-448c-b08a-8423683b7c86,0
620bd115-796c-4d80-9140-48c82c9f88f2,2
051d0b1d-58fc-46f4-a0d5-6d72f94ddf89,0
4dc70146-52f8-43c5-b223-997a3e864ebb,2
06d78d3e-a63c-4ff8-9253-f587c3ff8eba,0
dff76103-dc85-421c-9065-c1090c96e5c3,2
5dd60462-67d1-465c-a00a-7ebd5d2dea16,0
de3076c1-2a5d-4254-9400-d1ef86382d8e,2
82c40bb1-d95c-42be-8daf-99bd51bd752f,2
c4140e50-2525-4755-b5b8-154285f3ea16,2
f1d11f19-23fd-4bf6-93c7-21eedcaef8ea,1
0c731f13-f13b-448f-bd0d-35ace19bb85d,2
bebd8e7c-0d7e-40c6-9183-c21c4c101654,2
0ca3eae5-96c2-4dfc-a2c3-742a5e3f8df6,3
e0383f05-0f6f-46cb-900c-7e361c349585,3
3cdc01da-ef77-43ac-81c6-5114d00f4ba2,2
f5460945-407d-4387-bc4e-3420d7988656,2
d22f9e75-16d8-44dd-a469-aa8ab708fa70,2
9c88ff38-dc81-4f68-bf7d-956540d202a8,2
8f6f6efd-6b03-4c02-be0e-83fe7981b8ac,2
28f8cbf8-cb55-4dda-b163-866837c00768,2
2f8500dc-1fda-4e82-932e-9e2f2cb7bb20,2
ba67231a-8849-4480-b21f-1e2f7fc00283,0
18481d53-5f65-45cc-9205-ce1e26bb29c7,2
0023ae51-beea-4bef-96f1-67a0fc997619,0
75d34434-c3fe-4420-a829-3122efd64ee0,2
216be22c-6bf2-43c4-a07c-d3bd59cbec43,2
375e0c84-7475-47f6-b305-8ece1545a7a1,0
3dc5c140-0c04-484c-868d-67cdc9d4072b,2
2de1f7ab-69b0-4c4d-9295-fcbff950f186,2
1f6f7117-47f1-4130-858a-18c6436a04c3,2
2e2402cf-481b-42b3-a7aa-d6c560472123,2
6bf2e0c8-ad15-46d1-9f81-a36ebc504273,2
c7f03886-925c-42f6-a663-454cdf13d71b,2
bfc133f0-81ee-414d-aa79-8c37bc142367,2
f035d885-81c0-42b0-9989-ffd1fb454b9e,2
3f054e01-f8d7-405a-b0e3-5f76db817160,2
acc533f3-c3bd-4645-b150-cc025b4f9123,2
f3b02f5b-bc91-44ab-85c7-a468d6c92b98,2
6d4fd39e-cd53-4838-854a-0c20e633290c,2
17158e28-a794-4e6a-97a6-cede4d740063,2
469dfafc-1da2-4d41-8af2-e9305f0c2d83,2
d098aa94-6571-4f70-8801-cf11289b5b58,2
9e4a3e93-b3c9-4601-b93b-4b7c818daccb,0
7f8de2f5-7237-4b14-8789-52fc48b47f10,2
5cf528b1-70d4-4242-8dcd-d22264d462d3,2
e2c5127e-bdf8-4309-a351-5dc9fccbf827,2
2eb5455f-af39-467b-afc7-ad0e894e65a1,2
047c062d-52fe-482f-88cf-4614d31a289e,2
d241fa2c-6625-4c55-a49a-849ed47627e7,2
4e253c7c-6dee-41f1-b056-73949511f378,2
ea3cc396-6029-4e5d-97e7-4ba76019b9bc,0
16b9618c-8d55-435e-a24c-96b11b167ab6,2
057531d8-3351-420a-9ab1-5a0f2b97a0fd,2
cf25e538-835c-44ea-956b-27bb223bc7c8,2
d286f5b7-b73c-453c-afa5-37654ca30e80,0
97d004c7-89fa-4ba0-ba20-2b2e3d3a6a8f,0
dfec9ee7-5fd1-4342-aace-635d16308763,0
34d4e5c8-70b0-4857-9ab4-14676b93ce90,0
8cd0c468-ddc7-4cb6-9860-226596a274e7,2
4637999a-11ac-4596-a0db-eaf13ed602ec,2
a58a60c5-795d-4641-9676-ab52c6bfa5ec,2
4865ebd9-5325-4a1f-8b6b-4fd99a2b2fc2,2
74bc2e6b-34b3-4ad3-8baf-697c4fd2c322,2
b8e20492-3b33-4df8-830e-1ffcb2e81722,2
76a0235e-8cca-430d-b3ff-4ab93b964366,2
16251fb1-a5d2-4e5d-aee1-8e6c14a8d28a,0
f799fc12-48b0-4e04-b01d-715a01d1fb48,0
2d52ef18-093d-4da1-8c76-06e8b71b3727,2
92165196-4841-430a-a99a-68dea5643556,2
810ba6ff-cfe1-4ac9-80d3-0169381689fc,2
6d4ebfd4-16c0-48aa-9253-de18f05a3807,2
08c32809-be5a-4e31-87f9-97ea45769e45,2
b87d8bc0-e26e-4494-b74d-5fcb943741b3,2
6f6f5622-e4a4-4ae9-a1a2-646effebe323,0
6bc5d41e-f932-4d36-958d-cb19211dd1da,2
00cf9c33-70bd-41f6-84c9-c66288811cf4,2
ad459f05-52f4-4e42-8935-b9def3a73d10,0
a82c3c4f-9c58-482f-bdd6-87cfb71ca720,1
3e42d20f-b47a-496f-9384-0d2e8480275c,0
ad8efc88-ff82-4043-953d-825380ed9612,2
2ab084bf-a24e-4016-82a8-8a3c1f37a494,2
9a1590e5-e97e-4cb4-a35c-44e8039ed845,0
1ea2d3bf-f483-4656-a851-533e7ce663f7,2
bc6cef5d-d80a-4940-a15c-e80de223488e,1
604ba841-dc29-41de-9690-3663a3127fe0,0
80bd47f5-3eb3-4107-8ab7-9984ecd1a894,2
0e4171cd-45f0-4a40-80ae-a41af72b5181,2
cc77191d-fdde-46ec-b320-d9425194155f,0
fb9f3b7c-7804-4bc4-a08f-e984a5e6b364,2
86ad88ae-5bbe-4a0c-acf4-15d8ce8ba6a9,2
beb650ec-c50e-464c-9bbf-24cac22197e7,2
81c86979-3831-48d2-b137-6a874783edba,0
951f0c8e-f2eb-4815-b386-1848a0cc9ae0,0
150815cd-1fd9-43dc-b37a-ea62a41a655c,2
d51b2a4b-6c16-4074-ac93-c512b3b37ec5,2
c51bbeb5-16f8-4ca7-a1a3-3af069422163,0
87ac94d0-1f6a-4d7f-bd5b-a236e0601968,0
08c1b780-192c-4b82-a1a8-ec025d382f39,2
93037021-0316-434a-889a-f50d61ffb8eb,0
38c7de81-3457-4a75-a6ee-e5450d88fe18,2
59c586b5-4d69-41bc-abbc-7c4adad8df64,0
e0d16c2b-fcbd-4baf-a93f-76b8cbc35a4c,2
bd0c9dc5-4eaf-4b32-904b-972aba81ad48,2
c50b2dc6-3644-48c2-bc93-1370b4366636,2
d8e4a382-bb10-4e43-a3cb-1bc1566b27ac,2
7c6419dc-e1d5-467d-929f-8d72e3d562e5,3
5097f0f5-0c45-4f27-a05a-3c85e86b76d3,3
7792e774-0074-4630-9c29-ec64ea43e2fd,2
b0e52551-d3a6-43eb-8629-4d010ecc9ea5,2
f7491847-034d-43fa-ab0a-3701a32981db,2
a96f1266-deac-4683-99a3-e9452908356b,3
5d6adcde-0afb-45e2-b89e-9020326e8fbc,2
72fda19d-4225-4e75-9f9b-7e19fe128cfe,2
ffd1bc9f-f121-4ad7-8ae0-63d309164fd9,2
53d6da28-a337-4458-9426-217fbe4a4fab,3
99c3999f-1c0c-47c1-a224-574f5f930d48,2
438ed27b-c4b1-458f-802d-3b3e9a3549e5,2
9c43ff1e-cdba-4d5c-b1f1-20c61177f35d,2
938d3027-fdeb-4585-b569-c7a3ad08b601,0
b7f75483-066e-4617-966c-b04fd4ddf0a6,2
a3043f6b-079c-4ad9-9db8-8c17f8a15555,2
7c37bc19-2aa0-4c40-904b-8e7bbeffde4c,2
811f9551-78d5-44f3-aea0-45b9780dd54c,2
6d0b8b2d-b2eb-43fb-aa7c-97469f8765a9,2
fe28a621-039b-4f00-bb60-507e94d93e3e,0
fb81e0de-48d0-473e-bd4d-bb8f48d11c24,2
d9ef6cb6-a7bd-48c7-872d-6ecb12efc4ae,2
bf947d02-6f8e-432f-9af4-4a51a7046adf,2
cea56ab9-1630-4193-b6ff-c4c4d8ba4c18,2
d2a1e4d2-22ce-4a05-86bc-e19fdfba78a4,0
96641958-588d-4d50-8076-2529b8129b86,2
c9723da3-c57a-4f6e-ac40-2bf1e991baf2,1
7915fc49-f0c8-4efb-a88c-a79bdac81c1d,2
0d177ab3-40b9-43e9-a903-70ff9575f24b,0
b01a6140-3973-436a-83c4-11491f2f424d,0
cb7fc256-66a5-4123-82ad-a16668ac9ac7,2
86e4c8c7-0970-4740-bc51-6eb6f63c8c8c,2
c8ab5180-7542-4f62-b63c-64ec4d21c311,2
159efa29-e8ba-4140-9f4d-adb3648146b1,3
4018ef11-cd04-4c78-bf27-3c317cb3da07,2
aec15b7e-de37-448d-9940-9e07fbf3d884,2
9927b957-aac5-4671-9073-ce36c2603c4f,0
8e815d28-8ae7-44cf-a8d4-0f21f2fc3641,2
b15e1e60-83ce-4d51-90af-15224988034a,2
0f0b1d51-d3da-41cd-b1e4-1858809f1498,0
77670f5a-fa2b-435a-b059-b075fd32e1ea,2
0a793b34-4dbd-494d-bc60-949b6b2b0325,2
870fc6db-1ed1-47cf-a2f1-66735f98b3b8,2
12e870e9-6f42-4b9e-8247-241e050f41b4,2
dba51773-ebb2-4af1-9838-6826cb993897,0
04ef077b-a947-4113-99ac-d00401a74d15,0
5a416285-db43-4f88-b0ff-ab826f505f8d,2
27fd1a89-059b-44a1-b63a-6c9e0a8597c2,0
5eb570ed-c51e-4a10-bef3-03f8220cafac,2
ace0e626-6867-43f6-b1ce-889974cc209d,2
51ac6ccd-7539-494e-9ec7-9d846202c2be,2
1754d37a-0f6c-4c35-96fc-16d50d995b69,2
75909649-52bc-4152-a972-80ea18646a01,2
25091720-df41-413c-9dc9-003d606feca1,0
76fce223-73e6-42d8-80eb-158b904e8875,2
82b9a648-dd95-42bb-91b0-318c17242be8,2
5665865a-62fe-44f7-bb0f-8e641244b4bd,2
845ca198-054d-40a1-8744-5af4dd41b4c2,2
d23499a4-5b02-469d-994a-2ad014420da0,2
72ddf862-56df-4985-9273-932863146341,2
e1382cd9-ea03-4c45-be40-2f48e0f960b8,0
6ee98587-5831-48b0-83ba-22d9c7cd8877,2
8a8f70c2-550b-4028-b577-9ebc6a58c954,2
3ed43f36-aad1-4876-8779-ec2b30035ff7,2
5d02d65d-64ae-44b0-ae3a-418f52cb0a25,2
d0ea3ef4-571e-45a6-a753-eb46dd6c2bf4,2
3971dc0f-a925-4dd7-b47f-1b479f3cc67b,2
17a75017-9c15-4d7d-a100-1950442bc43b,2
1449dcc2-57f6-4003-9a36-ff6ee2c13d6a,2
fc37a690-7577-4a59-8bc2-7b89af58e178,2
37c8781a-2d7f-42c4-ae4f-5bfe132cb9e7,2
6dc49c77-19c8-466f-8e8c-f0282476c175,2
6093a303-205b-4d47-a29b-19a130e2a3f9,0
e5295a21-3980-40a3-8cec-0d7f4fa59b8b,2
877d9c10-5acd-494b-bbb2-08859ebaf4c7,0
684a6366-70c4-41d0-861f-1f564ac592ae,2
9272c549-26a4-4db9-aad2-6ae8e83dbb4b,2
23887bcb-b653-4002-83bb-147524935791,2
1be98d88-e198-4f3e-85e4-a74a189a1565,2
196f10e2-01cd-472b-93f4-3c7f51efc483,2
43e78f6f-7d3a-4b91-b439-e207e804eef5,0
39df90f9-c507-4639-bcb4-1b9a428aec97,0
74a5d752-5bd6-490b-9987-f8621c86ad81,0
fb988834-27ff-48ee-8d3a-39c39a5edd44,0
07955acb-46f8-4011-9ee4-9792f06ce162,0
f0ef4878-3243-4c21-b5d3-c7cebffbf528,0
c308a248-a053-42fa-89ee-1be5bab0a240,0
7133ef70-f2d5-4b3b-9da3-7ba058f15946,0
c3f1a61b-51f3-465a-909d-6a6df75f9198,2
7c0bc91e-9656-4475-a2c1-88e9296d5c88,0
8685eefd-9723-43b5-b7fe-2e7be02ec617,0
d37f0cae-a235-4841-bf45-971cb4ee7374,0
3c422659-28fb-47e2-93e4-26985099d852,0
50f66678-e4dd-4e7f-ac7f-419930cc235b,0
12604f8d-ad6f-4616-9b64-17ddd6274d7e,0
4613d5d9-d137-47ca-a205-b9a6664cdb8f,0
53679dda-b848-4ee1-8e5a-4bff16b36daf,0
768e24f7-434a-401b-9e82-f7174f0c1752,2
46655194-3c91-4cf7-99af-b6f2fd41098c,0
3a750173-e2d8-4a0c-8cbe-871e851952fa,0
97c9c257-4422-4261-bdbb-3cf5d1b36836,0
6c3e6a14-85c8-4e8a-a3eb-7640f3e04e06,0
f02b355d-c359-4544-90a8-3dd679ce02cd,0
5700a31e-2bf2-4eea-9303-5351e2a463cd,0
7d5cecbd-66b8-4d71-bbc4-f74ee53073b1,0
53877c4d-49ae-4a50-96cf-1f07d90eb3be,0
d301bb12-4223-4364-a8aa-5bfe74418097,0
23fb93a3-bfb9-4054-bce8-fae81c94e143,0
fe38bb9c-740c-42b9-a937-4f072ed15cdb,0
9317555e-738a-4455-8da5-28a6c348bd4c,0
f65c71e8-5fd9-400f-8851-41cb2d47a0b1,0
663de5f3-6021-426d-932a-6a37844cbbd4,0
95d3b87e-050a-49a9-bc69-43c8ff94a9c7,0
a776fad7-6046-4c3c-b987-307e84da79ce,2
31864435-83f1-4c14-8f03-fe7e9ade1aea,0
6d399bbd-43d6-45f0-9712-292c0b3d4d49,0
58320485-85d9-4e9b-ab12-ee56ec710560,0
143b8a42-ac27-4919-bc99-11c1d7030a55,0
b8bf30b2-1cb4-4a96-8054-240472c9863b,0
796ec746-5081-4c3a-87b3-ff7c77cc20f4,0
41c98786-9764-40ce-a286-abfeab330dba,2
0bc4c1c5-d54f-4130-89ff-37a83b186427,0
83e523fc-1663-457c-b0dc-21fcb66acb7d,0
939b7d2f-7e52-498a-a2d0-a159fbe540fd,2
392525d9-f528-4a64-ab97-4b0c03665ab8,2
e6a971a9-fb64-425d-b2a4-655a6ea9325a,2
4f5865b4-c4aa-49cd-98c7-c6b29069f9d9,2
e0d993e7-a261-4708-a115-682e1fa61885,0
7748a71b-aaf4-4e69-96b7-29f42cbbf5fa,2
5978b930-eee0-4330-9720-c4b24ed5085f,2
bb832b42-9950-4b6f-81d6-1a1c45f4b2dd,0
6f8174e4-a129-4a27-bf6e-b9b6d1375465,2
04662fc4-859e-4369-9568-6752a62b6924,0
d2ee1d4a-e3b0-41c7-88ed-42193fa51949,2
d475a87b-6816-4924-85d7-e6a732563236,0
585052b0-fe32-44a1-b94c-fbd2fe43afbe,2
a81b5593-c335-4bf0-8ead-9e8c6f340987,0
7defc8b5-c6b2-47b9-a0a5-e1077d25a170,0
a4199e3b-22e7-4fe7-9b9c-b58e28a32971,0
3c935273-f813-43f1-8b44-4353dd496b38,2
f6d6c30a-1616-4a9a-844e-b007f97b3418,2
8f7df287-6da9-4b75-adf5-cf09496b8ee4,2
12738a8d-4c39-4456-aaca-883d85c1cd28,2
9a54edae-7376-4837-9ff2-faff2f85bd67,2
09fc675b-3284-462f-97af-1dfff414a6b1,2
6822690c-e781-4033-8c5a-c9a71ef0bf84,2
d379ff57-c5ce-463c-bd9a-4610e67bf637,2
109cce65-2189-444c-a848-c8ab1e6bade0,2
28c24dcb-0eb8-4bc7-b0aa-48b0ed1bfc02,2
35671983-9ff0-4362-a031-a601d9231e58,2
0439b011-e381-49ff-a865-c13202c4370d,2
aeb87c58-7e06-4466-89d9-0c3e26b1f0db,0
12a3bec0-eac7-45fd-bab0-617492db47d4,2
09e4c5e1-acb6-44c3-a93c-b461e6da062e,2
c452cc8e-b3ca-4d8a-8a6c-8196d2c27327,2
ee2a06b3-6859-407c-b17e-8ad705051aa7,2
35e8334d-f98b-42a7-b30e-6c6011a5790d,2
c069fcde-befe-4e8a-84ff-8601b9cdd332,2
7846cbbe-4e94-4a38-a185-e31f7dbc2003,2
015885f4-b435-4d72-8066-7c933c50ee1b,2
284f589d-9322-4b28-b0d7-8ba2b05c08aa,3
bad6648f-e9bf-4b6b-9d6a-124208b38e98,1
65feee17-78c4-4a2f-ba25-3361d24b4be4,0
f624752b-cc2d-480c-8901-154ca6e6cc63,2
48bc78f8-b00a-455b-ba50-fcb88f031985,2
29d08ee7-3f5d-4c85-b04c-52f3773ae94a,2
257c8d9d-17d8-49a5-8e8b-4d964ec0268f,1
61b086c5-e4ac-4e78-b7ca-e658a489ce5d,2
4a97d7b0-d85e-4c8e-8747-d750348edc9d,2
039199b4-8801-48d5-831a-042a71458a68,2
313f6b50-62ba-4d5c-bdfb-84c6c07e04e1,2
2fe0fbcb-daa0-419b-978c-40eb08d1461b,2
1f2f9f80-dbb0-42c7-924b-e3270b704673,2
0f26bf39-b20f-4509-8a3d-4e515c640345,2
64fbc41b-e7ef-46a0-86b1-d755b65a3ae2,2
93f092e6-6e25-4d81-be4a-154c59fc25e8,2
e41bd499-4da2-450f-aa30-29ea3e77a705,2
a4c7e799-e5eb-4def-b93b-a0f966e7cf68,2
d77d4a21-5077-4432-aa60-bbd6591f9d62,2
6a24e5b7-f078-4237-a2de-ec6e80fe898a,0
89d900ee-ca9f-4e0a-9ab1-1a3da4287d30,2
82717354-aff2-4e3e-9498-dd22868dc946,2
ced251a6-0238-4994-89d4-8fc542753f3f,2
6c04d720-c4a7-483f-8c7b-6ed578eb582d,2
9e3cb938-ba88-4c1f-818a-088266256687,2
bbb9d75c-f2b6-4c3c-bb91-717db4568f9c,0
49a34f0d-4e95-4dd9-b61a-2b174030ae9e,2
567d5398-876b-4063-8055-ace913351054,2
e0dfd45f-df9c-465f-9da4-3da59b1237ed,0
0c3b8668-96da-4a2d-afad-6a6efed5e101,0
968c943b-a663-4a3f-8dc3-845b338308fa,2
cc134576-bc90-45ac-ab54-009b03942492,2
972554c9-623e-476a-b6d4-186989191a20,2
f5d87528-50e4-4488-8539-57cd099e1e6f,0
2bbcc25e-d62c-451f-8c9d-e9bc2e1d345a,2
9945c91b-702f-4a16-8926-631daf6ec531,3
dfadff55-f568-4af5-ba75-601239a02940,2
17bc72f3-a918-4c74-97c7-ef6b47b86e21,1
dbb2df86-d25e-4b2d-bfb2-a701ac942675,3
3f09f288-bef1-4f0f-ba51-b73d05ee6199,0
b42a393e-2777-4858-aa4e-9fecf33cacc1,1
0cec5164-2f4b-4351-9bde-f3666ac51cb8,1
0b701d2d-6539-41b0-a8bc-1f74b6bb40cc,3
f51767c8-a0e6-4971-9584-8901c62203c4,0
5042e3b0-3892-40ff-8bef-34398b2c7dec,3
a1e8f95a-1932-4840-9c66-dd5e83bb672c,0
c72a6698-d608-4497-816b-38e4a7555ad0,0
98723803-1097-424c-b996-bb31ec124b91,0
b82a4212-21de-4bdb-a824-eaf51ef744ed,3
f5af1b37-7bbb-4192-a592-18dd1e024bb1,0
44e58b22-cd15-4559-8c15-2f5f242cf6be,0
9fb294ef-2b79-4aba-93ff-2886508265f7,0
f1560433-6cee-4cad-a1f0-abd4ff044e68,0
b36cfe93-580f-4840-a4ff-0ae9043cb721,2
f2279a4c-f40a-4915-b99f-5dbff892ebac,1
d266c8bd-2bf8-4840-9f32-32e35eb844ab,2
d23002dd-c5e8-44b3-82d2-54584ed1aafe,2
a6c04525-1557-463b-89cb-ef20c57a075b,0
b427cec0-de84-4e08-b739-9e7cca6f76e3,2
da2ab5c1-4c65-4138-a55f-91374079ec11,2
e7b58f34-8c09-4765-9fbc-78ed993fc215,2
945919f6-4b08-4259-969a-9fbd69fb002b,2
8c087afc-98e7-441a-a5b8-a17bb43d65ad,2
acecc778-e47c-472e-964c-cdb23c40851e,2
a535dd49-c6a1-4e2e-b645-f6106cab99c7,2
872c91f1-4bb7-4a1a-8deb-0b64907437e1,0
c659c29b-1997-4553-b328-54099a3836e8,2
488c3a5d-a694-420b-a852-f384b9081027,2
1b17da57-9f69-4f3b-8c78-f4d94d45d232,2
64e09ffd-729e-47e6-8522-0c8eecda3c00,0
edff3837-7c2e-4336-ab14-0a46221b9913,2
741911cb-1c1a-4dce-93b6-b95e4a073a8a,2
833506dd-58da-4227-aa71-e0344a165f6a,0
abf7b732-526b-4bfc-b3f7-fe5bbd2ee892,2
3922ef07-8276-4ec0-8b8b-b2f47ee757d3,2
da6e3a55-8988-4913-9d2f-737ffcb16925,2
3695ff3a-3204-4173-9023-fa018fe50038,2
5366cd58-14c6-41cf-a9f7-f8494665a6a1,2
a1e1bf9a-a381-4dd3-acb8-243cde401219,2
19a7da13-f2aa-4801-b145-655d421e9948,2
ee11ccf0-f4a4-40b4-acdc-02f0863815e3,2
d9ddf65b-c20a-4693-8bd0-e0cba2f302cb,0
97113561-654a-496e-b700-cbd2af4a07f1,2
c4d73158-10cb-4e83-96aa-d048036191d8,2
c621c0b4-9892-4eac-8f42-1210c0e87adc,2
381a9499-ea6a-427b-8326-4a6125f294c0,2
5b1087ef-a075-4953-a018-5ae23add9ae3,2
d4fd5c0c-ccb8-4826-9d28-4c05e10e0798,2
85833bf9-5c07-47bd-89a9-9a254589f6ac,2
31fa73b6-4d17-4251-9dff-fbf5fa531082,2
8b3c6071-75c8-4036-b68d-53b5fd619da0,2
ee00c976-2aab-4252-90ad-6f2f2cff8ffa,2
c9c5b040-122b-4cc1-b129-93fe4ccb445d,2
30913c73-6834-4527-99a5-bc3c75e51d83,2
d2c0fae2-09ef-4174-8e2a-5f1d88070ce9,2
7c1ef97c-a30a-4452-bb99-e2fb1c0a9f31,2
1c683606-51a8-436e-b20b-20169e10e21b,2
7287bd74-6c86-4a90-9d64-7e5dc0c808be,2
f1116bb3-1704-48a0-b180-b9eee90ac0b5,2
aeffca4c-78a8-4695-9599-93f6e5d52733,2
9089807b-c871-45e6-b51a-ead939d4708e,0
d69bed75-f9a4-4d0e-94d3-879fe7c38b73,2
2fef70d7-8618-4946-8168-9b907e572d14,0
ee006614-e31a-486e-b8ea-36f7d289e3bf,2
967ed5ce-b51d-405f-9b28-f628f7bc5832,0
d4249ee7-5698-40e0-a1e5-f3d6d23a44f5,0
b1394ac9-7970-418c-b70f-0afa69ca39f8,2
a82ea9f2-8064-4bdc-b825-9eac06ed16f8,3
2cbe7965-a61d-4378-b09c-250c96a7728b,2
f53ef4da-324f-4bda-9d41-c55007169da2,0
9dce92ec-4a75-4611-a3a1-3afa882f7338,2
caaa4367-459e-4b05-83c9-5f637054172b,2
a4f9ebae-5082-4dca-9ffd-8120ed14bef2,0
d2db1b1a-b33e-4b9a-8013-70d18aea2299,0
02f4d68c-bbbc-454a-bfc3-6ed2964a4063,2
2602443b-e6d4-4bd0-a7ee-e050715feebd,2
f92813c0-968c-40e8-973e-25cefc3db09f,2
650d0863-17a5-4103-85be-f381200d6b43,2
62b47c3a-704a-48ee-834b-f4b8b6040e41,0
c5af3850-1a6b-44b5-a5f7-ab94a9f2451b,2
1f6bc327-e88c-4733-abcd-659f80a23c57,2
439a35e9-1556-4fef-bb06-1fd8bb4c604d,2
02cb26cc-1924-4a57-9ec8-56f7d9ee8342,2
ac0e66fe-7f7e-47e8-9c53-2ddf5cb0b0e1,0
47ceb4aa-1017-4d91-9e0a-117065de2d3d,2
a0acba74-0220-44a7-a1c9-13a5444bb0e8,2
bebfe178-08cd-4b6a-b378-ce893ff0d416,2
83aa6a14-738e-472c-8cc1-7fb69025edf9,2
3ceb2ba0-4570-4274-9ee9-df562db37af4,2
ab63c187-d7f9-48f6-828f-546716353052,2
8152c6ad-d021-409e-a97b-ae2ed7ab2b8f,2
728a4529-786d-4350-8e59-8b04123f3380,1
4240280f-276e-42d7-ab66-82f09df4cfe0,2
5082f92e-0ca4-4e40-ad94-d7491deae141,2
39719847-01e6-4d92-a621-138c36404109,2
89782570-ffbc-4d4a-9260-bf09955a694f,0
10d187d9-0d7b-446d-bfb5-2000e604ff18,0
be2b57e6-3175-4289-9247-e88524c4f139,0
47939ab7-8b1b-4a7b-9259-d42548c2c1e7,0
5e6094bc-93ff-447d-8eae-26f11f822cee,0
4f06c9f9-2e4d-46c0-8127-d8126021753a,0
c6c584bb-ea26-4f96-b232-a702ba4d77a8,0
691a19db-ebe7-4c3d-bb12-8a1c00693ae5,0
3a469265-8784-4592-8dcf-bfbff07da73a,0
1b314790-4017-48c7-97c0-23f01ee91da7,0
0fa6e49b-7b12-4c9d-b3da-1cec5b0387ce,0
15d74e18-1125-4570-b418-c13ee920802b,0
442f0139-da37-475a-84eb-79b83c40152b,0
bf373674-e013-4693-a43f-9953bf93ac9a,0
c08f3441-df76-4d77-8e25-204bdb10654a,0
088bd150-bd71-4115-a7cd-72e1500b03dc,0
e65d0a71-9c0d-4aec-a181-fcf051dfc89e,0
bbb50929-eea9-48f9-9de3-329ac44efdab,1
bdb55f5e-3b5d-4bf6-8630-83fe63f11141,0
0c4d8b83-dfa1-4bca-a1ec-28b3f027146b,0
39d90022-ff68-42d6-8c82-504685ba4efd,0
9661c061-6175-4ccf-b2ee-51121d48fbda,0
97f02073-10f0-442e-b1c9-3bf75e00c145,0
58a55d81-f7ef-48c6-a9ad-bc564eed36cc,3
d62e25cb-0077-48a1-9711-d513e708ad96,1
38f0c63c-c9a7-4af7-86e5-37ab96c96820,0
5a1c63b2-77e5-41b1-8a7f-41552d111e64,0
079a9815-f3ab-4289-81fc-82af6eebf770,0
a492cc09-3c23-4b10-acbf-cac6eb56e429,0
ec3cbbea-28d4-404f-9d9a-7d2642084b2a,0
b9b70cd7-fc7f-4255-bfc7-9c090854ba6e,0
bc5dd330-2764-4d97-a9d6-7f419880be21,0
ba778641-7bf8-46d1-8e41-94ee0e022611,0
a854d0d0-1ab1-4011-92ca-3e054ea96131,0
a71bcab6-b465-45a6-9295-7737810eaf19,0
aa379226-1cff-4359-8116-9785757fff5e,1
df1ff88e-07cc-4893-a284-6cbf905574b2,0
98a72739-41b4-49f2-88a4-937b9f64df62,0
ef027b8e-54f0-4454-9acd-b5e3fc570a32,0
25f760ce-06fd-48b2-8528-d45e9ebb462e,0
63b7a981-3926-4a29-ac1e-36450a647b1c,0
71948e49-be88-4535-a3c8-5e44086d0064,0
aa487d62-73a9-4916-b161-0616140be156,0
46204033-65e1-402b-8eab-baccb18c229b,0
01d5a874-5316-49c3-913c-63ae09ce06c7,0
c8187d21-c26b-455b-a643-e5c72c8fa8d9,0
1adadbf4-3648-41a5-97cd-441655fb5240,2
8e1e6d3a-dc24-44cb-b43f-cf6b4c6c8c0f,0
99b1ef13-7d89-405f-9981-4ecc6b5480b4,0
a09bf095-dc3b-400c-b59e-de3b1c26809a,0
d528c89a-2f74-46c4-b41c-5b90ea3b0c89,0
556ad876-eae0-4cce-898c-639244ef9a5f,0
948eecc0-edb9-4508-b2c9-9280b3deae54,3
80802147-6579-4fab-b1c8-a01e9cef891d,0
d59a6246-635e-4f94-99a0-dabc2648e163,2
2c754ceb-62ef-437f-b115-655dd8ba7af5,0
4da639fb-d0e2-4774-869e-34c76651e198,0
8be831b7-9626-4560-9301-4da0fcd42399,0
4a4f3d9a-f8fb-4c9d-a41b-62afb4aeb6e6,1
c0d8a6cf-41c9-48df-aec3-057c34a7cbfe,2
f39d25c7-4b87-4cb1-9a22-ec33be616b53,0
6e082d11-221c-4018-9591-f31eab761947,0
ad814c70-3c2c-41e4-9803-6b8057a11137,0
7957ca21-ea8c-4006-aa21-b50fbad1c4d7,0
030e7fc6-a240-48fd-8a48-0101389f1819,0
e2b71a15-c067-48fa-9a07-fadbf3651161,0
4d9a0fb5-2a35-4230-85a9-326d9806b231,0
6ef17b6e-814a-4231-80a2-6e67a3a205d1,0
c355dc49-f93c-4f98-a1f0-c4ca5fcfd7c2,0
823dac19-dacb-41fa-af46-e9b5e0b7823a,0
69b0d1da-581e-4cf5-97c9-4bf10486e200,0
dc193b93-7b97-44b8-9568-952f470e4443,3
37d2ed17-c838-4754-863b-000537a4a42f,0
644e68ae-cf6a-4c7a-b8f8-1daf4153573d,0
0d0a22d4-ffb6-4f63-9b73-3f342b7eb0e8,0
3bb207c8-2fe2-4a00-8ab5-87d90b85b0e9,0
aac4c6d4-7b28-4e80-b3e5-3bc8d992b25c,0
b978119d-ce5b-4838-9f87-2056ea9247bd,0
ea4ae05d-7fc0-4ee9-8262-b88f9583a53a,0
f640b4b0-6a7d-4c2b-9400-0ebd5063d922,0
f1384497-2e92-40dc-8b08-3353775fa74b,1
2ec2c34d-227d-44d9-ba78-a6feb59d9a71,1
3b72a6be-4ab8-4ded-a311-36401bbc9adc,1
0576a3f7-dddf-4fca-b516-d88c464097eb,0
bf8741c1-8d7c-4f0d-bda2-3ba85118ad5c,0
97597a06-c89d-43d8-bd9f-615d60aa67f6,3
6ab180bc-7ad0-4692-8b48-d9b7487feede,0
ed0d05c6-9618-4eff-b1f9-2247b02a052a,3
c7d66a2c-6622-40c3-bf56-b897896440cd,3
9751362a-1de5-4990-a479-3ca6cfe294ac,0
e756fbe1-730d-4223-886f-9df447302f3f,0
8808747b-e66a-4664-817d-c5789ea5a1b8,0
2d5d5c3a-db7b-4135-a0ca-752d3784ad1a,0
b2e4bb7a-9c07-43ca-9e86-52d285ce838c,0
e03f09b6-9b88-47c5-83f0-f245829d73bd,3
1531154d-2c22-4db1-a4f5-bdaa37beb021,0
2196fee3-2b4b-4b60-9b11-f256a5265a0f,0
f32ed45f-8a25-4f91-a1d5-2a911b7e209f,1
55c73546-bd4f-42e5-99d6-0be780698fa1,0
a698d6be-80f1-49e5-b19d-9f374c3af452,0
feddd948-87c3-420e-a3b7-aca83c55e7de,0
12311909-0d5d-41d2-aefe-36200ab29426,0
bf861af9-6ad2-49ce-aa00-1ab8df749e25,0
a6a4eb3b-45ff-4e05-96a6-4551123209d0,0
76743494-f2e2-4791-b18b-c64d35106ba8,0
03a51b22-209e-4c6b-928a-9b108e34859b,0
3c5242cb-5163-4c76-8baf-8834120ac523,0
8331ea9c-7872-4781-aba8-f5e8b0573414,0
97f63876-366a-40b4-9e85-08c689b8d93d,1
7982cf72-34b4-4933-9e89-18263c0a2fad,0
0c5b684f-bf11-455f-9ec8-d8ed763cc98d,0
9d57a64f-317a-46ba-816e-87345a8580b2,0
b51ae76c-04b1-4daa-9856-46cd9a520a14,0
5edb1880-c75c-48b7-bbc4-2cd839c4a89b,0
6f24a658-bc73-4e4a-9a59-ae6dc8b033ae,2
b5f0dba2-c551-4119-8bf6-69f93ff6e538,3
0bd6b1c0-4d2b-4ca3-9e25-3eeac995128a,2
210cca00-7363-4302-8226-ccab388dd8c4,2
a4bac577-3c9b-48aa-9dbc-7687d393bf46,2
625633ef-de61-45dc-8752-861274540465,0
59439acb-bba3-49e0-8349-bebc04170b89,2
c6d87b6d-35c5-44fd-9636-b8e2a58fe625,2
97899eea-cebc-47c3-af54-3614939c6f21,2
e2f6cb3d-97a3-4ab6-bc5f-cc2569361e77,2
f0208bd1-388f-49f3-b574-d06b5aeb8ce9,2
bacea8f3-7762-489e-9eae-2b1f022e53d4,2
9759d3b4-be8f-43b5-b109-5935ebb5f263,0
a1678828-e70b-4690-b0b4-43f077236951,2
139b84fd-8352-45ad-9a22-ba6a5924d30a,3
d740b666-f7b1-491e-80a4-8d85a81a4620,3
051bfeeb-bbee-440a-9074-40475f3b589f,2
1ae94544-6834-4a8f-acaa-c8f9ab7d26a1,3
ea3b1a0c-293d-479c-969b-b1f0c545882c,0
781754af-fa1a-4c54-9d05-b79a09332016,3
bb2d4aa1-61a1-4d0f-8dee-af64e9cef183,3
237096df-5fa6-41c9-a29f-1fc0be0ea228,3
b19fff74-00ef-4da8-aad8-5b7e4b84200e,3
1fcb3638-b8b7-48cb-ab30-8110be2eea10,0
1626d987-f891-4a70-a8a7-5a99d0a74ff5,3
09f70073-497e-4c0f-a2cd-a3c29454fb40,3
07dad916-5c5a-4325-8135-41130151e639,2
2bfde428-787d-4245-b683-873b3bb742ca,2
cd976de0-9181-4946-b242-09eb47ca76d6,0
4d615d8d-5393-4bc4-a369-0f916cfc59c5,2
b7c0202c-fbee-4b28-a997-b0d86c349963,2
a8ae0dec-e403-4598-a68f-52e5207d2970,2
b17eab49-c6f8-446b-ab09-d69559372a9a,2
1ec5685e-6151-4a00-b58d-a7ae6c5cc272,2
1616b368-ec28-4bda-8bb2-f23a2f1d6081,3
8c3ad154-790e-4a43-a0ef-7c3cf3901819,3
10c194c7-1ef5-4ecf-8e05-e1b42ff1d00b,2
22e27eaf-3dd1-4e0a-a167-c9c5156b207b,3
1bd04e49-20ef-4259-82cb-ba0fd1f84f6f,0
34107d94-f3fb-4e8d-94da-0c8bbf766971,2
9e7a65d1-f309-4e83-8f63-0f2a378c60cb,2
b1bd8ae7-e24f-46ce-b7c1-100e81045c79,3
dd39ed95-36d9-4b85-916f-5a610dcb8c42,2
e3cf1759-21e8-43fa-9aac-24a7ba674ef7,2
52fc0688-6bab-4e11-9a72-e2ac8c304e21,3
70771fcb-1373-4c6f-a95c-a37ec99fd547,2
f3fd5349-ebea-40cc-a9e4-3ab37b9a8685,2
afa3dd4a-0db1-4a7e-a1bd-2e239e885acd,2
cd62dbf9-32f7-426d-9bb6-4bc7dc6f7912,3
123df348-b870-440c-9b9a-cc9ef8c8fc1a,3
7d88ca46-47c1-4265-a571-ff32f1a37a9d,2
b60df7fb-0766-43f0-af67-a33b2ca3ae69,1
b06d3740-dbe1-402e-a12e-4a40a05aed91,2
ef36367d-bff6-4266-9e1c-32d26d64cb2c,2
d4376d90-ef3a-4a19-aeb3-6f98ca52cb43,2
5b6379bc-1768-48ac-83df-e1d93f76d9c0,2
7e9adf9e-f511-4e35-b774-aaa6ab8e0f2c,3
cd314dec-b9dd-4f58-9afd-bcab44667b03,0
ad5ee629-d8a0-47c0-ad23-6476af576af8,3
e40d7b42-17f0-41b4-aa38-75653eaf8051,3
c426be4d-ae6d-48ef-8c16-7fab6631dd1b,1
efd5c35e-f4ee-4617-8596-bb63f26f32e7,2
1150e62c-1fc3-4122-9376-b7419f4d9b9e,2
a9167606-057d-4285-a3ee-2ad66d5f2a08,2
88472e4f-6c35-4241-97cd-63cad6097417,2
d4bbd377-4308-4ae6-bb91-b25c2ce47e4c,3
eb0de9df-8b17-4eb6-8002-e8ac1f331d4c,2
6889fe77-4774-421c-a233-32a2ca17b18f,2
83ab2ae1-0a4e-4f8e-ae2f-b6de9a38b76a,2
514c4b53-e28d-43b3-a995-a6a7ce96a72b,3
f45d498e-46c5-40e9-9204-441726eb9083,2
45cb56d6-d6ff-43bf-a3e2-fd6b5cb127d3,3
337626a0-b1e4-43fd-90f9-ae1509bff7db,3
abe22199-f791-4d4a-829b-2f4628abde35,3
5541be1f-028f-4f78-9216-bae0fb0b783b,1
8aec18f1-1c21-461f-8c8f-fe4463d8c2c2,3
b4cc7b9e-4527-44c4-beef-bbba4fb4215c,3
4d9fdcb8-1d36-470e-85a7-a8ec94143692,2
d117ed26-a9f6-44a2-a5b3-ec4fe108b85b,3
31c51f2f-1dc7-4d21-b41b-36ce8f0e7c7d,3
381c19a2-afd7-42e3-9df9-54840a7006a7,2
be109a56-482d-4e3c-89d1-d4bb985d2c93,0
33887df4-6598-447e-a733-4e0034731f49,1
2cc44424-f141-46e2-8059-169526b09834,2
3be8431a-15d7-4359-ad00-b7b63b587b36,2
efdff64e-0cdc-4a83-9c0a-b9046620541c,0
fb950ac8-38a6-4729-8642-575450e3a90c,2
17809b6f-72f4-4651-882f-f00017454dcf,3
a6591856-6098-415a-831c-26bbc6e23f85,2
de86bd47-012c-4330-b11d-53c0fa9fb494,3
f7bd6057-a1e2-4fff-a96d-ca429581df01,2
d9124249-db17-4708-a5f7-4e86c8884336,3
61a097ec-3e83-4b65-9911-19efa85bcefa,0
5cb0872a-8ea3-4342-967e-87933751a857,2
cc601cb3-0186-4666-b7ee-ab91dbf0814b,0
3941f9ec-0784-439d-bca6-80773b4ea252,2
321a9185-9009-407c-ac82-ea25b8cc0b0c,1
96a05625-4cfd-464a-80a2-01b4b6d7b34a,2
189efba7-dd0b-436a-9552-37ecda4c9fb2,3
88433ce7-8c84-4249-91f8-afc85ecaa73a,3
ae391306-60b0-4f9f-ab51-cfa1a181ea10,3
6eae72eb-af0b-40b1-88dd-b2f9204b755c,2
859855e0-6e50-4670-8572-343880ec5f81,3
765133ee-feb0-4871-b5e2-777b0e0b356f,3
28f0805f-8816-40eb-9cee-222916b17a7a,0
61300643-9ed4-4d96-801e-c4a14ecb61aa,2
270f9e49-b130-4666-b84f-58f4511050f8,2
d9835ab6-4799-4df3-ba57-42d5079afa5e,2
a045c3b8-df82-4dfc-a567-4b0965fce02a,0
7f568126-fa59-48fb-885a-f063a06bc3c3,2
4a0f2c1a-7be4-4e9c-a2e0-e72c9d1b2a8d,3
3d2696b7-4c27-4551-9480-c1cbe408da25,2
7f64bf33-4fee-443e-aeb2-628fff3cd7e2,3
b2faa6fb-bd12-40e3-92d1-e4893c364553,2
c85a704b-a094-4c51-9f2f-8d8675475436,0
e4c4d244-18d8-4eed-8a02-eb82737fe657,2
440e5259-397e-4005-9786-1a7f76c3b9c2,3
5cff2331-8a11-482a-89ca-ad5adf35ed53,2
76352557-4bce-4567-a9e1-bc32103e2629,2
b34598d4-1fc8-41be-97bf-7410549f5df1,3
31ff6f9a-2fba-4139-9599-806f4b4b797e,3
b958e14b-2361-4125-967e-cf3064d4913e,3
1d93c3a3-71a2-4433-a35e-1d596b1eef95,3
8761a3ea-c219-4507-8e4e-62de15b22710,2
b5018630-b6e6-4d7d-9748-d7f5498c8f5d,1
2d6f5eb0-3b97-41d8-bd20-92729e465a99,2
b4859067-0f86-4bcc-b4d6-bd5a9b9fb436,2
dd3a10a1-892b-4af7-ac9c-15589c6ecffe,3
baaf18c6-d7e1-4b4d-9b7f-4b4b28017f82,1
8c10bf2c-245a-43d1-96f2-dce2232726a7,0
ce08a14d-a90a-4233-9ff5-4256a94fb6af,0
10c71249-f2da-477c-8bd2-38b300252b8e,1
f63f49aa-af06-4d2c-86ce-a8f0f76fa03f,2
32945ada-06ae-41e7-b6a6-fb20a9814a2b,2
9c00f8b2-7291-4353-acf7-017c0b4663af,2
bfadc6c0-ba68-4532-a4ba-409808ae845a,3
4900dc40-d600-42d3-8ed9-8b3a06f33510,3
6e92359c-2143-4ade-b7c0-7ca6a6618e6d,0
b58cd840-b4a4-4764-915f-f78101a23ee7,0
94b8337c-b16a-4581-915a-3bd6946bc1de,2
cb20b08c-34ea-4998-a3d9-eac4898aab59,0
7d66b5b0-9786-49ec-9cbe-e1c7d1b26181,0
2c37c516-719d-40f8-aeaa-aaf65b25e02b,3
fcf792cf-f13a-457e-9d02-39a8ee301f76,2
6b484e3e-9f33-4323-a062-d751903c55b8,1
b5bddafb-7651-4ba9-9c1b-c504eeb2a9da,3
e6053f6c-acb5-48a7-be75-c378332ea3c4,2
3feffe3f-3e74-4843-ad9b-124366dd406f,2
69ed9658-0873-4878-a8d9-d7180aced253,3
daf79647-6307-4928-9240-b77d7371d581,3
1481e3ba-55c0-4fb9-ab62-b80681645039,2
40e199b9-483b-4b80-bb71-147b2af94a29,0
a5a5546d-3da5-4654-89e6-3fd46df93167,2
a845d605-4c0e-49e2-b090-b579c71f15d8,2
2517a895-517d-406e-ba10-040aa5d95dd3,0
867c9ada-ee78-4e22-89bc-3e28d5b0a3f0,2
a03c07fd-18bf-4c81-852c-a742365cbd74,0
361a52bc-9f3b-44b4-8da7-eaa7ef41c976,0
410c8706-cbd2-4c9f-9bcd-aa92613ac33f,0
c90b96af-9d82-44ad-9fb6-1cebdf2ac00a,1
0d796fe6-19e4-484e-9f0f-1572bc3e2d53,0
57949c9f-4c99-4f24-a63f-887ff9225ac6,2
af3d60dc-4298-40b1-a481-18465dba492e,2
dcba1fc2-71a1-4679-8f23-527f0856865c,3
afb12293-8834-4ed0-92be-9f04e39bb725,1
a032efae-82cc-4945-80a8-396ddaf6022d,0
ae1e9d27-d232-4c08-b542-ab3b380cb266,0
a64c3bc0-ba3f-4cf0-a6d4-83cc39fe995f,3
8febb62b-753f-4aad-b625-0b82e0e459f7,2
ecb61686-28b7-43cd-bc85-91f3b01992d9,3
062508ca-76d9-47bf-b25e-700e2b747fc1,0
7333cba3-6350-4c40-a3f3-c98b1329829e,2
7cee20b6-8170-4dca-be3e-89d7a1a28a21,2
724a6ae2-a500-4038-83c4-66d283865889,0
ff9e54b7-6ee5-4405-8e95-72f31208e4fb,2
3ff7db02-e414-4b18-b1dc-635db8014227,2
816ad36f-58d8-4424-8040-bdf4042cca33,1
e29f0087-4f69-4e6b-a229-5f6e548ce3b8,2
51c929f3-63c2-474a-a1ba-a82c5ae2276b,0
b31780be-8e70-4893-a6e3-bd5023e69822,3
55c7440a-9de5-4860-9e85-3e6f0f3ac201,2
8f1cbf14-b7bc-4d68-afe4-f40b235a9df7,0
bfca9755-f433-4c8c-b25d-08b71c21531e,0
f7f9c71a-9ec2-485d-a39e-0a386465a007,2
f091f953-08bd-4e9c-8cb0-1fe57b7cc6b1,2
3a60d928-f8f7-43bd-b801-daac3ffdc48d,2
e765cb0d-b6b1-4a18-ae77-c9ff37581949,0
e4310a18-7609-4523-86e1-0cf880692472,3
c90e6672-b60d-451b-bcb0-43c9733d3fbe,2
6ea88cf0-1e33-4ae4-9c5b-b32730496125,0
099c0ba8-7eee-4fb5-8c1f-f09988648b2d,3
1db25aa7-a1df-4479-9fea-7a050864d75f,2
1a0732c2-592b-41c7-9aaa-80368f96c649,2
33b33c0e-1397-40f2-9170-d11f3a44ff93,2
d73f7a91-89cc-43f7-8af2-715cf6a3e488,2
cae6a5f1-7889-4d04-9595-69d97e6a9ccc,0
a2504339-098e-4465-85d6-0261d0a13a77,0
0ca8f6fc-385d-4f0b-8c0e-8cb58beef886,1
02d835e0-b216-43d0-bb89-069bb90343d8,2
6444a517-d727-4bf3-8020-5952f7142c91,2
d67d9aed-5e6a-4d10-8456-6615da52fb5f,2
18085005-765f-4c50-9c82-c678ef15306b,3
6b8e542b-1d15-48e8-952a-e26b8c2f43c0,0
59a497e8-deb1-4479-b9d3-c65b8a5103c4,2
50a89b27-27cc-4a1d-952c-0e68777aa4cb,2
63249a03-b5e9-4a3d-b6cd-cfc6cfb59e03,2
1816ec29-d190-4e8d-ade3-64ee25ae5c9c,2
0cde0eeb-5daf-4754-abeb-de779ec5cc10,0
95f0c24d-23e6-424d-9a42-89b78f2aef55,2
ad1d824f-2a4b-4211-bdb7-c76711d8d570,3
bb8dcbdf-92c2-4f52-a992-dbd4be2be875,2
dd5a445a-004e-44d2-a0a7-3e9de59f7edc,2
ef678f1d-c6f6-4034-9c97-3318e03105b1,1
b53b8ce8-9f02-4906-a1e4-6f05db9e8ece,2
aa92309b-3c16-463e-adff-9cee15b79a45,3
23cc1c06-7ca3-4948-823a-2d031bc5c7fd,3
1522a127-ec60-4f97-bac5-6f7c0ad034be,2
2c7a81ba-3ab1-4ad7-84de-040f6a7f5187,2
a4c723e9-96bc-4e9f-ab0c-f8fa8e6f7c5c,2
3fb01c70-451d-4407-bfad-402c8452db6e,2
266603ac-a0b1-44bc-a75e-e3eb396be5c5,2
79f766cc-1844-4154-aa86-2c1d28345ae9,2
f3c4a9fc-8767-4ca5-9502-f6369cab6eb6,2
0aac6c7c-9acc-43c8-b791-3b3d3c81c3a0,2
6cba6fdb-5229-461b-9393-6f87ff9ca16b,2
3082858c-cf09-4637-aad7-3f5d26a336d3,2
24d23ebf-3e2a-49bd-b6f7-84419014f579,2
b1b8d010-167d-4296-846d-4d1491709a19,2
859c2985-42eb-4870-8ff2-d418b0c4c654,2
fb0c38eb-5a50-4072-8338-6408109326df,2
3e22877a-6df3-4b60-8a5d-bf1e39fc96a2,2
84b2839a-ee5c-4840-9d50-792702220d90,2
b6a5a020-6770-45b8-a226-0927494d73c4,0
f1bd2836-06a7-4f28-a834-97d068c3f169,0
5f949d32-400e-41c1-af72-2c404851ea4e,2
682a6f7c-f4e7-4f2c-b341-5e94f17c728b,2
4bf31578-9586-457a-b961-052c6c5a8321,0
d9c842c8-bdf2-4613-b2cc-1c084c64b7ea,2
a67e0fd9-521d-4eda-ab6b-4ccebcd5e4ab,2
a984aa93-2b4e-40f6-ba5f-532768599813,2
bcc64a95-2898-4eaa-adc8-5dcd941b8d98,2
49c14d8c-9943-4728-838c-e3de95dcfa01,2
10fa87f3-3103-4a3f-a8c7-99cab2e29657,2
4a224001-cb04-4b24-bfca-a830035590e3,2
ba3b5e2f-39aa-4e3d-8aa1-6667369ceeaa,2
7b87d71a-5bd7-4138-a12f-d2513750b115,2
fab1c4f1-1866-4529-87d6-d63ece0ebcba,2
49adda0f-a9b2-4530-8304-93bf3d1317db,2
ec2f9ae3-31c4-4577-a3a0-96e1be45684d,2
13920467-b889-4e41-99c9-93361d2c1828,2
8bf509bb-e0a6-4b18-93cc-c52faaf6f7b0,2
86ad13d0-322b-4f5d-bf15-e10412200748,2
ee295f6a-1ffa-488e-947a-e70351275f3c,2
672e435e-2367-4d19-b1a4-8aa64f481925,2
e73224d6-0a4f-4c1e-b9a6-acb17db8d080,2
be9d7edc-3877-4481-95a5-4dc4b95b68d4,2
ca2da95f-dbf7-4434-8f6e-ec65c499331d,2
5e59619d-750c-4670-9ce5-7e0f80855d6d,2
da56a26a-8c4c-4769-8e6b-e56dde33d5a4,2
37a0eb89-3694-42bc-890a-13aaf7f29723,2
7a752423-8b71-4269-9825-a145b040a864,2
03a3f619-b9a5-4e7d-9d1c-5fe4de518921,2
78f9fa7f-1f7d-4063-9cb9-021c718ca78d,2
fa9b49b8-42cf-4123-8c21-42f119f3ab3a,2
b6a39056-b343-4490-abc7-827ac1efd2c1,2
89b8563c-9ecb-422c-ab3e-70ee92a8e959,2
3b491c23-fcdc-4b4b-be68-ece35539660e,2
44d412e5-a92b-4625-a915-ada2a84e16f7,2
7a6b98cb-a893-4120-947d-5562523e474f,2
0175bf94-1ca3-4abe-9ab7-d8bf7b827c51,2
39723106-9e54-428b-93ab-9ad1812aa4bc,2
4f4944b7-ee6d-488d-9ab9-1103f6bf3854,2
33ddf289-a4fd-40fc-bf1a-67452e79fb19,2
096c9c21-3470-4f52-8a61-b2ab2ababfad,2
9f1ccf7d-f4ba-4c74-be0a-2482dc65c6c1,2
ccaafbad-5f48-4e47-9aa0-0ece630bb027,2
3c3b1499-2237-4e67-8a1b-625aa1945f7a,2
c8354a94-752b-4a6e-acee-b83a69d7d28c,2
a3724f66-aa71-4743-8332-39b60c1f0d9f,2
8beb0875-c0c7-4d83-8c11-dd051dbd6584,0
d50ed4f6-5e15-47d5-8120-b8abfdaac1a5,2
764cb077-645d-4836-a0c3-e80363e1dda4,2
f582328d-c5ed-4f47-a46c-823312fc348c,2
2ae07dbd-b132-49b0-89e3-2190569fced5,2
c74324fe-be85-42bc-a7f2-bed4b31b7800,0
84e087c6-e994-469e-bd4f-7cb20d0d42a9,0
f930c792-11ef-42b6-9de4-1ed31e228e42,2
59ce84dc-22af-47b6-90f5-bb26f3d56054,2
7b8a11bf-6452-4446-a2af-fb95f5646dc3,2
f25b26df-d374-468f-8d25-5c5ba999efa4,0
b1069081-61c2-482d-93f0-433abcb55020,2
a4dca1d3-4ed6-4204-b8a1-73563c8f910b,2
604fce10-7c18-406c-a26a-4bf0f1719f60,2
0020557f-67e4-4de3-9b85-f6b8fb88269c,2
e86073bc-6636-4056-bcbe-1d0cb7429b60,2
d438adce-77b3-49c2-8cf1-1d29908a3f0e,2
dbf49042-84b0-46f6-9e7e-e798b279fd94,2
ca361d38-1654-442c-8866-3fdd0ebbdd13,0
703273e0-8ade-49ba-a71c-88a855a2f2f5,2
1df818d4-901b-47a0-9b82-bae3ced05b70,2
57a48cb7-2ea5-480b-8f36-8504349f1c8b,2
70071ea4-eb7a-4c40-bd40-20544985b732,2
b436f571-2dbb-402a-9534-e7d2006b7ed9,2
97b9622d-f150-469f-95f6-add6293c70de,2
699143e4-919d-4e3e-bc25-f0bca9560d2f,2
509544e5-58d9-4879-9b7c-2d166cb1be64,2
cedc97ab-359d-4fa6-9be3-9418b29182c1,2
b611ef0f-5649-4fca-9de3-ca7e62de04c0,0
f5112f46-0e94-44a1-929b-b94157e4361c,0
f3985e50-50f2-4a47-be42-46d9a468fe53,2
1676dda2-ab25-42f8-9896-a20c134d570f,2
73922ca6-f6ad-4c2f-860b-14771be7a5dd,2
a5ac8af6-a3e9-4ccf-94ef-e8589e316660,2
ea038551-14f3-423c-b8bf-ac14d7fcca12,0
eaf98398-7c94-4a49-88ae-f65979ec89c0,2
0b0f1970-183b-4a8c-aa0b-7e247bea9f3e,2
77b2deb2-4575-414d-9103-83eb9300c0e7,0
a50370c4-e3a3-450f-ada0-efd8db4b93e3,0
4eb4d0ce-ec69-4554-aa7c-b2af72da4133,0
7cab04a4-5cd6-40a1-b11e-e826d878a938,0
478e6a88-1fab-40a1-8820-0f17255ff80f,0
f7c5d54d-9c0e-467b-be0b-15458d8e4a52,2
5e9464c5-a982-4b44-b5e4-5fc8699dca0e,2
f318bff4-b614-4623-ad70-05962584d978,2
67fda7f2-9b43-4a87-8339-e8f7ceaa6776,2
b682008a-3753-41eb-8d91-3f88774ab673,2
6c1fe8a9-210d-48ca-9348-4513280072b7,0
31fc2d08-1e62-4bb0-9eb8-8c6cdb08afa2,2
a0f029d1-a3dd-456c-9bd9-1108ee37497b,2
e722642b-8daa-4b1d-84d9-0ddfa7349c6f,2
60eee4e1-7d9a-4173-b7de-ec447bc0cd9a,2
adbb0ba3-7306-4672-9476-478c165be28f,1
7d07e19e-3b52-4f45-9497-ed1041fcbd30,2
70f25c8b-a061-4b08-af64-8fc80a5b391a,2
0f84f06e-3441-40b5-947c-6773b265d19e,2
abb27bcb-8b06-45d5-a9ce-70abf81c3b09,2
3385fa0c-3a3c-47ff-a48f-f575000d1e84,2
2be387cf-b5d2-423a-a348-6f39048b0926,2
e94bd815-20a3-4625-9e43-0b6707e6ae72,2
7e1124bb-7ef3-4ec5-835b-ce57091c8d98,2
2a2cdd1e-e1d6-494f-8dcd-6a046a9f35c8,2
e6e039b4-1ca3-40e0-b703-8278f0b2fa83,2
1dc320a8-2edd-4777-9d94-bf3619a0eadc,2
d7ab7f1e-7c94-459c-9b5a-e23e547a2bb6,2
6c8e5755-3a32-466d-a021-e33a8dcf9b88,3
2ce8c5f3-0fdb-456d-b666-58c893dae922,2
71d65da7-562a-43b1-bbf9-f64150d47078,2
f84f51d3-15ba-4011-9df5-ce1bf73ad82f,2
8bf679be-b56c-4c38-b236-a7d52f218f28,2
89a6b55b-f92a-4e36-b7af-e20fecbcca60,2
406ededf-b2c9-4b7d-8350-16169688f0a2,2
48b7388d-3592-49f6-a5da-7beb25ba8356,2
d3324e4f-d921-48ab-87d5-4740f5400fdb,2
4a4c6bb8-6c85-416b-82aa-c2800f3576e4,0
547de9d2-89e1-409b-ba5e-01abd827a3d1,0
36fc3d83-b390-46cd-9091-65721fd3dad1,2
ecf51adf-fe4d-45bc-bc81-ebc7bcb38246,2
8c5b55fb-f37c-4d7c-88a9-6ae49015517e,2
154b0ace-38ec-4078-9750-3664312dcd21,2
7a62d725-faa1-4dec-b844-270f5e0e7296,2
06cb630e-0f21-4c7f-977d-79ae68a9c02e,0
ae44964c-65d0-46ec-ac74-d61fcf944d9f,0
622892ec-fe19-4f08-b4fa-597be6616f23,2
669df3e6-57b0-4eb0-9ba3-8c0e43421c7d,2
81b04271-4061-4860-95a2-a02d1d053de7,2
88836a78-0fd7-42c4-b3ba-d2b2a5185666,2
8b43fde8-9f5c-4651-af7a-0f2fd0e7996b,2
8ddca81f-909d-4fff-b6a1-d1723390f2c5,0
26a65760-b793-4fe4-98e8-e023bc1ff552,0
4159794d-ff1f-4723-b320-704821f3e0ca,0
94b40e9f-ddf6-4c61-bd0c-ef41911131d4,2
b57147bd-6ab8-4949-a3d8-8dfc8446ef6c,2
823b1e2b-afd6-4d07-b847-c7f99dcbae3f,0
a4620e0a-c869-4f3a-8fe1-a4d61d73f3d3,0
9fb534c3-3949-417e-b0b9-69673bb6e183,2
f3777652-afc3-4e8c-8503-72d12be3af35,2
8e67f9d9-28ad-4488-99bb-7112f3046b43,2
fb3cd50b-396e-4f40-bca1-d3deca4ff876,0
f3c85393-8c80-469c-8f5d-895e9313c2ed,1
637d23d2-2bf9-47f3-af20-ca61833f813c,1
e95cf2e3-91c4-4e9e-b14c-9674735d2bf1,0
23df923f-b9c2-480b-b9ad-eeec114778fc,2
22e555d2-6aee-4ea9-8403-cc64e18a801a,2
63c0d49c-268f-4a0f-8084-411cfb3a02e9,2
f8115b1c-9ab5-4a48-93bb-12282172c756,2
2a3ef2c9-b97b-406f-9274-3ff9f3b95acb,2
4a430546-264a-4367-b574-1361bc883a43,2
30733208-45da-41dd-ac43-96caf9b87f0e,2
2aab909d-1a94-4edc-be45-69d4a849785e,2
2018d7da-0b84-4273-a425-b80087b6a47c,2
3d6aea44-d2d7-407c-9948-bdc571cb4caf,0
4ca2749f-823d-468b-85a3-9985d075e3c8,0
94aa06b8-ab46-4f87-8b6a-e6e309ca9ec9,3
049d56f8-8ce4-4032-9f77-6868f79a4161,2
b3c2cc2c-8403-4c04-bcfa-286942ea8546,2
6da4f277-f7eb-4e9b-8446-1e0501e09ea3,2
275fb218-574f-482a-977c-9ca0a567833a,2
08014836-c512-4c30-bbc5-0470dc0f9d49,2
3e223e0b-5a69-43d2-9a4a-7f043edfd776,2
4e125ee0-1773-46b5-a2e3-025f2f9fd8c6,0
1005279d-8e00-4491-ad8d-c77461da17bd,2
b6f6a138-718f-42fb-89b6-89b8d8c994c9,2
658412a0-2511-474e-9698-506be6c90c53,2
d9374df0-013f-41aa-bf4f-6fb7e1dd9223,3
e1b987e9-8c79-4f24-bb25-0eeff9d76a11,2
86aaf7f1-310a-4617-b096-a6b24ea04cbd,2
240e9240-52df-4f1f-a6f0-790d20ec7eeb,0
435dc3d1-24da-41c0-95f5-2a8864eb21dc,2
a3220206-136e-4244-9d5f-04a66208bcf7,2
ac514b41-7029-4e6b-b50d-5775c268767c,2
44e4ff8f-6236-479b-8ffc-0d85a474c92b,2
cfbb002e-77f8-4d5c-a0dc-1077e0e7ca35,2
182eea7e-f498-457e-b0c3-ced3fb010558,2
cc481281-6c53-48d0-964c-587e42590854,2
037b092e-ad9e-4bca-aea5-7539f41fb709,2
6d4b340a-f092-4d5d-b2f2-d01b419c40bb,2
00d0e0c5-d545-4c60-b67d-234ac1d8610d,0
5fce97aa-b5c6-44ec-b46c-c5158df146d2,0
a41f7ce6-6a16-4cf5-91c4-e6f89acc1ea2,2
d9bee86e-e6b4-4492-98fb-ca69bbd7a939,2
20f659e0-391f-4e48-afd5-1edc280337ab,2
8f9bef16-4bf4-40ed-bf26-c651097403b4,3
f6d212c4-5def-4270-a910-306d6cbf9d6c,2
9dffb801-d87b-4cd8-b979-bc2263d7145b,2
9979aee2-88f0-430f-8aaf-70b66417ac69,0
4ef264c5-aea2-4614-8c1c-b6efee57a778,2
b43abd9a-d526-4c05-971b-2e9a43925422,2
21158718-5ecb-4406-8d68-89714cbcc16a,2
56666900-1d19-42b2-9a8f-9fb988bf626c,2
beac150c-82fe-4aca-8df5-ab8cf5e7bc3e,2
a391c8b8-f2bb-40a2-812c-7366aafe4116,2
ed734891-949b-4731-9b7a-91c3ad9ca290,2
dfc7585f-ac0a-4d1e-b61a-c8ed7d6659c4,0
1f19d203-52dd-4549-9bab-b51b29564588,2
65653dac-a691-47e7-b508-f1f9304faced,2
a430dbe5-49f8-4726-b808-9b1d7d7c1d46,0
c62c676c-2b80-4d10-b93c-8a74b705d2aa,2
7cb81bf5-79ee-443d-a3e0-7a412e339250,0
81c11b8b-bb8b-4f41-80e1-8b327093b30a,0
66713e8a-d37b-4de9-9d93-ead9c74071f1,2
2188bc39-4180-4985-b330-76f66c7c3a92,2
ab0c417c-e6fc-48bf-bdcb-10e0fa2329f6,3
ea167849-cc98-4210-b943-d459dbace2f5,3
a506bd48-aaea-4712-9eb1-7c8a5a5e78e3,2
c7560214-3ec4-417e-a5ea-ab3048d9964a,2
58c31251-5f8a-4ff9-9c02-e2351fbb36fb,2
559afe31-4296-44b6-bcd6-4c28404a310c,2
7e1d3d30-2a3a-4d38-aae4-27cab17c32d6,2
6573166d-6502-42a0-956a-38cda841d262,2
e35ad896-5210-4000-a13e-b01a6231d5a6,2
24ec87ae-0255-4127-91b1-92e11092537e,2
f2e4350e-53d9-4646-8198-d5e645526422,2
0f8cd6c6-6656-4870-9d2f-85ad85ad1352,2
7777253a-8c5f-4469-8f04-59c762883b54,0
84a8c017-8298-4a54-b9c5-b0e722443aba,2
bc021070-ccda-49df-9548-5b5dce047d73,2
fc52d825-ebab-4c82-b2a1-9e91d5b8c9ec,2
acc0b86f-0130-4d95-ad3e-505200301f7c,2
59852c18-1da6-4bb6-b51c-af878fcc8110,2
31694d8c-9a47-4c26-b9a4-faea37164823,2
10294015-9363-40d0-b036-9b5e66444147,2
c39883e0-54dc-43e1-9154-fc5f3927cbcd,2
68ef813a-0592-4d7f-918d-6925b9d51590,2
be417232-f34e-447a-bbf1-2dad024a125a,0
1580d9a1-d0a2-49d5-b0ec-60f218540894,0
d56ac288-983c-4982-957b-87c6b7abd5ac,2
6f90518c-e841-4bee-a344-14ce58eb0d9c,0
950b6a8e-6dd3-49e4-831c-dfba078da21b,2
d61fef7b-7b35-45e8-93e8-6b6c5ee41302,0
6171a81b-1be6-4814-8c80-bf06b8ccb615,0
0ee7bc29-38e3-42a6-8005-d6e5d443e4ee,0
d083c3df-27ec-4797-83d3-1f1905d1ef9c,0
d75fcd99-5008-4cd6-8fd5-2a6a6664d205,2
777f2cf8-daa5-4587-81b7-82bf699c2b59,2
4555138f-6306-495b-9b3d-007e5bdd84e7,0
e5bed519-019d-4df9-8df2-95dfa1481e70,2
3375193c-16be-4034-b4b8-5b16506d1e94,2
45f60b5a-c819-4252-94c5-27f90d1da2a9,0
7ab9d018-71b7-4181-a54a-903c05329445,2
dacc0a62-bc0f-4c5e-a921-6da1f1e61a03,0
d3aff4db-6523-4971-aadf-d83fbc388737,0
a5f89e05-54bb-484f-9c1a-b0f2229eeabb,2
9e6621ae-42bf-4415-b85a-be5ea550b145,0
0b565359-f6d4-4102-938f-4729bbaaec4d,2
d502b94a-1864-48ec-b1c9-33b5b5d7377e,0
88b24dac-05ad-4e98-b595-d9b0b9b42a74,2
4b7e17cd-bdca-4c07-86b6-84fc8cc4ecd9,0
a29dfef4-a3c3-4c71-991b-d3819aef4c10,2
36113a3b-cd95-4766-b505-130298b524c2,0
0183b253-e062-4d85-be81-9b5256595686,2
5943a988-6737-4c5d-b911-9d5f7521fcd4,0
ab4e63ff-bdad-488b-866c-17f42be07ed8,0
e17b9633-94b7-42a0-8016-ae8af1b97da9,2
42f39791-4def-4853-a21e-d422d8ac6916,2
4b0f85a1-f064-4326-92b7-7cfb7be93cb5,2
58d61510-627a-48f7-bffa-ec8d6506cd8e,2
4b36a19e-c6fa-4df2-b715-6021238efe57,0
e6225f56-299d-41dc-a00d-0f0ef0021e35,0
7c7fffcb-e4ee-4cab-a864-6432f0c48693,2
be50f8af-4957-44c8-8489-5bf831818114,0
a0535ac1-073f-43b1-87a9-a5e2c40317a7,2
c0581e6a-d61d-4a2b-97da-df20a942fffe,0
ffe80c9f-768e-40a4-a3db-8ebf00c1b7f2,2
59be4ac4-3ff7-4fee-99f4-ed9b6285a05a,2
faa2b3b0-870e-40ff-9af4-39da03e186c5,2
7f9114fc-ce7a-4fb2-8f6d-8cbc2eaa325c,2
57781722-e172-4848-9170-e49f2b33158e,0
6d1716ee-4ccd-41b7-99ac-dc893b374b90,0
fcb151bc-3692-47cc-bec9-029628ce92ca,0
f8e5c41b-2cff-4428-93be-a18f836b174e,2
4ea578f9-f749-4301-bef2-a37177ae1096,2
3db5cd00-5a3a-40b2-a743-471a1fe1cf25,2
cffad5bb-d79f-4cdc-8544-662acb94f75b,2
680b8697-bbfc-4e5e-a143-65e01fd0a78f,2
85ecacc2-e263-4dfb-9da2-39e502e2c289,0
53366a9d-e2da-405a-b521-881a9036c22f,0
f8e0d9fb-31cd-40ca-91a4-8a61cd9ea1f0,2
81f821f1-6e7b-4767-89f5-04264af8fd07,2
b040453e-5e81-4a1e-887a-6063ac5ae40c,2
08a2f101-625b-4b5f-85c4-a816ff3bd0fc,2
c56049f4-6334-4c9f-8e40-839d164d61dc,2
acb070ab-132d-4331-9ffa-c4e82807d8bb,2
4b216f7a-ca83-4209-b325-da186be6a780,2
a31e12a9-cd8f-4835-8290-f6f654cf9673,2
7278c746-e3ef-47e1-ac18-bd8f9430f0fe,2
508af107-d0e0-475e-95c4-46d8fb97dc51,2
dd732e5c-0293-400b-a1fe-c9c7c1252cce,0
f6ee9fea-6ab5-4320-a173-fd359e0b07dd,0
3ffdd0fa-888c-45a5-a330-41a154b3c5f5,0
66cb4782-d26c-4799-bf06-2ea14501a188,2
da11d8bd-1906-4ae7-83c2-cc90bba37e16,2
f2ce68fb-c716-4143-a108-27f5195fadeb,0
9982da10-2bbb-43ac-a77d-7e9cfb7dc4e6,0
e51310d2-c2bb-4d1b-a90e-02040baddbf1,2
7c4e98c5-3afc-4bcb-b67f-661bae1dc2fa,2
b760fbea-9671-4fa7-8b90-507a99ccaebb,2
1383860c-6a07-4b4e-a9c8-703c17184608,2
1f8121ca-15f1-45e0-be64-fd0f9cd5a7d8,2
354c3713-b236-4003-b44c-816727c59e0b,0
8f3858dc-016e-42ca-bb28-30726f8682d1,0
a201f166-73b3-46cc-badf-c7b323a776d7,0
e1f29f06-d004-4a3b-a987-afc2feadf654,0
6646a0e1-ba52-4c34-98fa-a054e5814d53,2
a02aa7c9-2f01-4439-b485-b7a095bba22d,0
899025bd-530b-4b61-b660-efcc418cd567,0
22adb085-8970-4ee1-936b-1f644bf4bfea,2
3bf8569f-74ed-4a06-9e6d-14fb30104601,2
ffef4234-267b-4552-b424-931b193856f2,2
1592345f-f324-4729-b11f-93e634f6fdbf,2
8fdb34c1-c497-4d88-8ae9-48cd592fd6d1,0
5d188964-59a5-4318-8107-f9b500bf5df5,0
d95212ac-6a21-4df9-9bef-7c96d29bbc43,0
57da111e-ac81-43ab-bf46-485e0fd3ed96,0
c934130f-0457-4f66-980e-bd24353f091a,0
c6b77fc5-41ba-4df7-9ff0-415cd0ea0024,2
f35920e8-d76b-4c78-a601-a19c0bad527e,2
3781a4b9-5098-4d4a-8d03-0dba546144de,0
fc2d1186-f3fb-4eea-96ae-e3ea026add8c,2
49a61351-3a1e-4de0-b054-aea04d33a0a9,2
c008109a-03d5-492a-acea-daf315323922,2
cda97d30-ebb1-4cb4-a715-c7917dc137ca,2
ddd2b58c-f505-4883-8df4-d91b59cd6f73,2
9fb69e66-6f75-4950-a426-218edc0e3da6,2
8bb31b7a-2bf6-429a-9aa0-6178cf155620,0
cc1fa7cd-1723-47ef-9759-6bda3a76a07d,2
a6c320c2-ac74-4a18-a45c-37688263aa77,2
f5a23ad1-fea4-4617-acc1-ec8cee3b9aac,2
62b6888b-d02d-49cb-bab3-ac5e2eaa0006,2
68bde5a9-76c5-4656-887c-d337889609ef,2
48600194-5797-40b0-aada-207899435249,2
756f50aa-fdd3-4acf-a5fc-8a012337ba98,2
434e778f-9293-42cb-9cd9-9e8e5c044be8,2
e3d36dfe-38aa-49c3-9c11-aced7f885d98,0
1c549dfe-ae81-471b-b89c-e7ee4f479e94,2
3bff0d67-74fe-4f32-9e75-e0cc1c674a10,2
4a247d4f-ea1e-4d0a-8011-36e3635ede59,2
3422773e-120c-441e-8c0d-2c9b9861e913,2
15b92a4e-e779-4839-9bff-bd311c2788e1,2
ced57f63-bac8-4c31-bda4-f6e39cac77b3,2
f7ba5d6c-5cfa-46f5-98f3-a909df690067,2
59ff097a-e423-4442-be2e-11c1b50d1642,2
2a3663be-dde2-4866-8ef2-d89197c57bbe,2
d56e8908-199d-4e5b-b9f7-2e266f305c4b,2
0ada74f7-a765-4d95-be9b-887cbad8f8e6,2
efd90e31-030b-4d74-9c07-1876ad58c44c,2
c4d18cc0-3a57-4862-8e24-adce6b692dbe,2
0ade0531-d809-43ae-9a2b-3a210abb33a2,2
88d9fdfb-b0f6-4004-9255-4054a1afcfc5,2
8545c65f-ea57-4db1-b898-ce738d015d28,2
06208b98-7042-4ee4-beec-6f10ddb5bd71,2
764bbb9a-235b-4c38-8ecb-d974d55ce8d9,2
5f810d70-7f62-4e92-9c7c-408d04186e42,2
6aafe26f-fcfc-4bf0-87db-9969d95456e9,2
ed6f3010-0c03-4571-bc37-92f2c0334513,2
1b86ab37-af56-4028-b3fc-a1e49cf1f78c,2
d758f261-7985-4a63-b9a8-0a3287fe4363,2
349ac43c-31c5-4e5c-9ab6-b3c96f6522f5,0
e30499c4-c3f6-4f21-ad49-cfe93d131894,2
0d13791a-852f-40b7-9b3d-1065b9a3cd52,2
1356583a-a0a4-4201-9fe5-3f75903b1a3b,2
5a5f20f2-af97-48aa-824a-4e5e691dd62b,2
8fabe3f3-f556-4296-9fcc-8dabffcf7886,2
352b2a1b-8d30-48af-9b60-371a96afd7c5,2
4bccf3b5-1db1-4937-9e2e-bbc7c4459ad6,2
785d8b07-9107-498a-b07b-8532c2230700,2
6bfd0046-11a5-4457-9310-ac8c27ce73b6,2
a7d4e231-206e-4d77-afd8-85658789420e,2
d7d02042-5a5e-414e-b417-5f9b5479da60,2
0a05bb1e-af47-43d3-9272-37e106700e81,0
15b1e859-c4e1-4993-a570-33e473f9aa2b,0
2a63bca4-d5fb-48ae-b154-733430e14fa8,0
77907978-722c-4eec-8427-bd4f2af7bc59,2
a51473d9-7d16-4865-8759-6a79cd2d09c0,2
3fb11fe1-99d5-4b96-92f3-c1ad4fed82b6,2
fb297087-b00b-4c39-a4f1-792c35d72e85,0
33565319-e103-488e-901d-f9b247fcbb0e,2
3e0c0734-3ee5-4382-89d3-0790dfa04600,2
13e9646b-a9e9-44cb-82d7-6abf46c890db,2
0e0364c8-30ed-44f4-bf94-d9715d8b25f9,2
00aa9df4-b95b-48f5-9763-4f2db7b8b31f,2
e3e48fdc-e54f-4f1f-bd06-b6862994a7aa,2
46c0de61-4c49-4c4a-a4fa-283690547fd0,2
ba4c5937-e1de-4adc-9e37-eb16bec662a2,2
b67f1a14-91ae-41be-8ec5-06ba097c35a8,2
05cc939c-c79f-42d5-8d79-4d15bc743641,2
57eb9278-1235-40fb-92fa-0d45a421bda2,2
db6efacb-8dca-4f1a-9f4d-14325a0f3dc1,2
e99ca4ed-7802-4b24-b272-66481e883aff,2
490d3ac4-8f3a-4506-8924-ab3f636346b8,1
b4fe09c9-3244-42db-b87f-218410ebba9b,2
16b50e78-3077-4474-a846-e92e1f35d934,0
ea5bb153-9d07-408e-b556-54089374fedf,2
5c293ac4-f6a0-4ebf-ba8e-34f3cccd1362,2
3f2d40af-0fcc-4675-af64-68af62c1d75b,2
d80cfcd3-3a21-4ea8-a79b-f73cded271f5,2
6d132c74-6555-4c45-9c76-ea62509e89e4,2
fc2dae3c-a751-4bfa-855b-9d68a0b72a06,2
ac5b6f6b-d46a-4c0e-b208-2d9014cbc693,2
c60e1bbb-f485-4874-aeec-04964821d6cd,2
ea1153ed-9234-4e67-bb07-51e9fbbed20e,2
81df1ed4-b56d-43bb-a0ee-faa3d047fe57,2
ebc3a6b4-f204-45b3-8a1b-b8c155513361,2
7aa97814-b853-49f9-9254-777a0bc96ea6,2
de299cdf-a56c-4ca4-af1c-48fc644b356c,0
c3eca00d-d46e-4ef1-bb22-84b4072a823d,2
54373f5d-08c8-4bac-8f9a-cbb9535f9f8b,2
e3fa9712-92d9-4045-8f0c-6345929fca23,2
b759454d-d679-4a60-9bc0-2de367d6e95e,2
eef2eeb0-5a64-4b4b-88d8-1cc2a757d17d,2
b826c1ad-01f8-49c4-a95e-46330ed6a899,2
3b021b0e-b133-4e2c-b19a-81de8779c90a,2
3287b7e9-c5fa-47b3-ae7e-277df8611a5f,2
2498eb23-91af-493c-bdc8-a434fde5fa90,2
46201600-f520-4d01-b748-dddfda50eb5a,2
b753d1b4-0b2f-4dda-a189-018d012bdd6a,2
30d3df6d-bc2a-4540-8bc4-ad11c9f8e409,2
1f63a894-735f-473e-961c-46361223f71c,2
4dee5d8d-64ca-45b4-bae2-dd157b194439,2
d65875b6-d407-429d-8cc5-eb61bc7db9c2,2
4abb4c31-38a3-47b3-98a5-e08a40c4b72a,2
7b355b98-31af-4b0d-acd6-00b824a7e8ff,2
1e2b4bf7-c94d-483b-990f-fd18f18aa58d,2
3901c8c4-cfb9-4e48-a19d-359d8485ad40,2
cafc7f8d-ff16-436f-b4dd-720ac458fedc,2
30634b40-21d8-47bb-9b49-c39451f6e72b,2
e09b005d-3f82-49a1-b0d9-f8955b40bb19,2
1325d287-487d-4450-870f-90c684b97fe3,2
6420d6e8-a617-4e6a-8770-c06a55710e9b,2
62c89df1-ffe1-434e-aafb-314df346004f,2
5012c16e-8ffa-4653-8be4-56021f82a435,2
e7ba6c1b-598d-4540-8be7-ed8f41494493,2
3096343e-babe-4dd1-bc95-99c296435dab,2
fc67afdf-d825-4aa8-8586-5f159110489f,2
ae45d198-7855-4ae7-bfbc-c0d68879a021,2
0c6b1b1c-f5ad-4585-87d2-e22d6b74c585,3
fc3b15d5-52c0-4817-b9b4-040b0c3b3eed,2
4710222d-f72f-4e57-b463-b5b9e1e4a951,2
9528719a-fdba-4ea0-8f7c-45a6ca60596f,2
9d86567b-819b-4bae-8ef8-4c19517cde57,2
84eaa777-0fae-47bd-b3d8-7ee318dc57d7,2
ce2b8e1d-5a95-42f7-ad80-6a21e08aa3b2,2
c0797893-3475-4786-a09d-f22c312c8856,3
40f590ce-a92f-4614-8938-810cc3980578,2
58eb71eb-9aba-4aad-a0a2-ad23e453e7de,2
a9d47728-f60c-4037-9fbe-3a8ffd3e2f99,2
aa6d9649-33d0-4ab6-a2e2-3548edfcb9df,2
e5eef59b-0c9e-40a3-93dc-13afae5e1a70,2
f84df710-d038-4526-bb10-179513a07639,2
e22eba08-1733-481c-843a-ff5a9c48c474,0
625ff3bd-6452-4de3-9cf1-20f151f206a4,2
bb1cfa23-335a-4e21-867e-7198925880a2,2
cb167e9b-cfdd-4e39-bafe-21728f821548,2
6ac0fad2-f2d9-4766-b831-3f959e9dbd00,2
8c0ac36f-9001-4c00-852f-d6a7f4a6210c,2
55d65261-68f2-41b5-892f-0c63f6c722e2,2
dad918fe-648e-450d-beb1-cc77e379894b,2
bc8d29ea-bffc-4949-95e3-44b00df95036,2
e27486c7-7a2b-419d-b82e-82c67c34a95e,2
6fb5b2ed-105a-4e52-b36d-2140adb6d4cb,2
f8f2033f-865c-45b7-aed4-155c5427f9ec,2
2aea7734-6fbd-4039-a665-1096658543fc,2
5f25b191-2e09-4f55-abb4-6898d8ff7e25,2
35fdb19a-dccd-4423-bfc5-82ea873cd9a3,2
0fc72614-e5e5-4046-9f26-8114b52d4500,2
d2ec2744-ccf0-40b7-8b93-c22da165d3c5,2
512f1f37-9d23-49f5-a480-6467a7158281,2
4242c236-2b97-495b-ab24-e0926b600751,2
f02a4b15-da88-4069-82df-44721138ad9c,2
d1e87d91-5b13-45dc-8fdd-4999fe5eb2b2,2
cb2ce44c-2726-427f-bbac-e2b35fc5e458,2
2a0f83df-10e6-4913-b4bb-ac023ca13aff,2
79fcce08-93cb-4f43-9d52-e992e9a7edd4,2
adfb6121-4278-4797-8dd6-65abe68c09e8,2
065a4dbf-3d0e-4062-87ef-b6bf2a9b06b3,2
94b5a302-a154-46bd-8ea2-5581d7647d3c,2
ed24aa6d-d345-4e41-b6ca-138f77d4d3d8,2
6915883e-f60e-4bbd-9267-dca075bdf85a,2
9ed873ed-140c-449c-8b5a-00aa6f42cdaf,0
829ec663-13c9-4f42-bbaa-789438fb135a,2
25a50266-edfd-4b20-8954-14f3393eeec1,0
7f51442d-3eab-456b-99ab-709f4234acd5,0
a70c7b54-11e8-4132-8523-f848028f2347,0
861e46f9-5b3d-4731-8c79-b22ad4a27a4c,2
168e62b6-5392-4c32-9f85-ca8e3834b793,0
229cf117-db3c-4394-9ae4-487f73b5d545,2
7974b302-7a75-462a-88ab-41e5a2670f30,2
29058725-8222-4e08-896a-ecb264784c4c,2
04c1923e-7b02-4e94-ba83-c3dd2d0b7821,0
5956b648-000e-429f-8c4c-4d250c55ac0f,0
29751531-5e52-44b5-bd2d-c7e021fa3fe7,2
3c393208-fc54-4d36-b707-60449642b5fa,2
273717ab-1795-4e4f-a72b-c392ffba4ca0,0
a8e43944-2ab6-4e9c-a45d-46a2ad6b47e9,0
d8e49820-f978-4744-b929-0828adcc4527,2
03c63381-e35f-4baa-89b4-1ea708803202,2
0d79d793-8044-42a0-acb8-6940b0c0fba0,0
2cca3025-1628-490b-8435-7737c9a688ab,0
252b5a73-fd64-4fde-be7b-d61604f8dcfd,2
7c18d92e-8844-481a-942f-3b263cee5f9c,0
9fb866f9-c1a9-4a5a-8fbc-d6391b18e2d6,0
6375e318-df2f-429b-b8fe-957b699d6f0d,2
677f5375-01a1-4d17-9b2e-7765359fb226,0
108f1f42-6cf3-4432-ab36-b8f1c5df0ebb,0
dd0c43ec-4a5d-4ec4-9036-0645bac7b87d,0
31eef60a-37f5-48c8-bb80-c50075c905ad,0
c3cd8e21-4c0c-48a9-8827-4e5a6942b109,2
0a2c7e89-7ec8-4277-ad6b-8bf5332be7bd,0
8374cc82-0ed9-446f-8d20-8e329845ec29,2
aef47d15-5529-4e43-be39-b1821c1c5a28,0
3cb27005-f4c2-477b-ac3e-02dac4074e26,0
a479470e-3c79-48fd-aecf-2a9523337da9,2
4a334f53-cf20-4806-9c38-6c30a6ced5bd,2
3576a8e2-9f08-440e-b6e6-c497e513249c,2
3d427a80-34b1-4fa4-8e7d-10d0fd8396b1,0
0d48f042-0ec4-44dc-95d4-705dde19b856,0
f0ff5034-dff9-42a3-be4d-1387b2ee4a63,2
906eff46-156d-43c4-8c96-8603f399e079,2
c951b34d-1b38-4351-9ee5-efa0d37ea912,2
e8b27be1-bfb6-4ae6-bd78-6d1ea51801df,2
32108241-c942-4946-9669-a02a6c89f147,0
e93df944-f880-498a-849b-f82a6b616f03,2
e4c1da24-05d7-45bf-819b-2f650f2b698e,2
f97adb2b-0a4d-4f15-ae84-d053df2c0735,2
2632766d-cd40-4ce6-852e-36d84bc7c898,2
63e6c3ee-3055-49f2-a4b4-9ab1b69dfc9b,2
b3078a8e-222a-4822-8ad7-b30bf69d265f,0
67a59be2-57c3-43bc-a0bd-a743feccf397,0
5b95fc96-cd68-4b16-af69-a551e46340a0,0
66bb9a75-8f2d-4b2a-ad71-642fa680b98f,2
f853ff37-a1b7-4add-95f1-49107fe94607,2
38d2b577-a8db-4527-8fb7-f25e2bf28058,0
18d6ffd4-8939-4e87-b777-db0936f7cf19,0
1dbdf7ce-53e6-48b1-9387-5a4b6e3b1cb8,0
5943ac2b-9233-4475-9fc5-5c2ffd6af16f,0
88c974d6-acca-4237-8ee4-7e9170be1a49,2
327bbe07-b332-4824-9194-d0f4146b5906,2
d8db1574-7fb5-4593-9730-2feda67688bf,0
4c4bc793-2bad-4afc-807b-2e482e4ca578,2
60157150-4c11-4f98-9b89-fdaa5cda0794,2
ef03fd78-cc03-4d7c-aa6c-bdebac379154,0
71c1b685-1946-4927-b544-c552921574fe,2
919d7499-d00b-4da5-a4f3-7a30076713c6,2
f9a15032-04b0-4b0c-922b-8a92ee5e45ab,2
b62c6b46-b1e4-4e13-bd44-6498948925f0,0
3f984207-49fd-4f5b-a136-6c91ff10ded0,1
e892cc80-c5c2-4c90-9f1e-6fdadd8808b1,2
c5da61b3-7dbc-4065-b5ad-5443cece0755,0
a62db376-64db-4f3e-903e-3430cbc5e55b,2
a1d33c7c-3a8d-4ccc-a4c6-cbda8a91f40d,2
89566e35-0c75-41e6-aa2a-b7367d344458,2
710bf9d4-f642-48f7-bcbc-6fe39c3225f8,0
63b63b44-dae0-465b-ad63-202f926d9637,2
0a176f01-f22a-47ed-a087-ca8a12282325,2
bf2719b3-29eb-4cc7-b7b5-7d2a297782af,0
0f088648-76de-4651-8761-95f4c5107218,0
12cf468b-bae6-418d-adda-a293087f63bb,2
3693163b-7dcd-457b-9a9a-8e6b217defcd,2
f6f38014-b47b-4e1c-8270-87188f3ae3d3,2
a9a66c6d-5e2d-4058-a295-4570f21c8238,0
02ab08d3-098c-4334-a4b4-32f3f559d11b,0
f4d480d5-9f47-43c1-a0ad-a18c2cb030ec,2
261e3eec-5c23-4021-9a5d-00b0fb903aed,2
2bfb15ff-8846-4bd6-8bab-5835479f0248,2
8bb3d561-d016-46bf-ad63-f5f2f07b12bf,2
0b3ef089-8deb-4438-a96e-c01fdb492a8a,0
682ad75c-6e7a-4a6b-8f6f-41cf76079cff,0
8b7706d8-648b-4532-bf9b-0bc4d0f66276,2
73743836-475e-41e3-9df3-3e1e0541fc16,2
f530f14f-eb7a-47dc-b3f4-936973e6b7cd,2
a7592f9c-cb4a-4692-88d9-38bc745d4f23,2
3c809c17-26af-41c1-8bb8-77e229f70fb9,0
f111783c-8a92-41b2-99a2-da5d4cc1971a,0
e9bd7c1e-432a-429c-9fe3-cb8a67e0f995,2
9f8faed0-e67a-435c-8d7d-fc0cc0bd5ae8,2
779462c5-9426-46ac-a957-40bde1f14e22,0
0125f9a6-aaee-4d5a-b5b1-20e6ff983426,2
f46808c1-4916-4390-99a2-62638ca66cc0,0
fd76289d-0013-4de5-85ee-f3dfc496b2fe,0
723eb87a-cb76-4d6d-95ca-b4f9c0f03174,0
db6e04b4-6ee3-41e1-b57a-f99703f6e39f,2
c54f2818-48e7-4445-8e11-91d1cbd429bc,2
a4c7a6c2-143f-4b07-b719-af402d4c4ed8,2
6101f9d4-42bd-436e-8ce1-d3f67273b837,2
8aa6af91-6877-4f42-84ec-50126835830a,0
7fd33f9a-5504-49ec-906e-26328085cfea,2
52919dde-6a4f-4fc8-8705-5167f59697d9,2
e8b694c6-718a-4344-9aaf-843dbd5d1011,2
fdea437c-d891-4fcf-9e14-e3db5d320590,2
9aef80f2-ae79-46ee-9114-7adc6d04678a,2
6cef0f88-c1c8-4373-93a8-d12d3563474a,2
85d18476-a7ab-4ea7-817b-e9eb3f226b96,2
16366216-3f31-4cd7-a900-483760ed00a5,2
6875ac19-b443-49cd-a5ec-b0cec44fa534,2
5b7c4762-7271-4a22-acf0-6c34eda36197,0
4d152750-31d1-487f-8b46-1b724e918219,2
ac9e471a-7364-4fd1-9ddd-a0832f9f7f2d,0
74737197-0896-4671-91e4-08ba440219f5,2
92682a2f-d8cb-4cb7-92cc-afcd8a30cff6,2
06122b2c-c1a2-4698-ae1b-7533d3be6fa4,2
200683c3-a913-44c5-93a6-ab33f12e4a7a,2
ee5048f8-923f-4201-acf9-fb43e378220b,2
afdc70b5-93f0-499a-af20-16167c2da584,2
75fe646b-71b1-4b1b-aa76-8a91b28a89a7,2
43d2d3b2-952f-4009-a965-36b8c2ce1ae1,0
50319b9a-da75-4c51-b353-98c1ebdf9d20,2
8c6b4ae9-9165-4df3-8fc0-f6cebb4d1a76,2
abd92656-4a4c-46af-a691-17e06c3e2ecb,2
6e4256c4-88a1-4f26-a5e7-ed953f88ebf1,2
3ae9e874-a0fa-415a-b8d1-67d36686b7e6,2
41704274-3239-4452-a4b0-bf3e1e81d776,2
f8c1c8a9-9b21-4e73-b8ea-ce5a21d1546b,2
4d2a9fa5-f333-4dc1-893c-6337340c1cb1,0
1b35dbc3-0bec-47fa-8d0a-590604ff95e2,2
9645ce04-aee7-442c-8ded-c5311024902f,0
e9a2ff38-83a8-4456-97e2-9790673a3443,2
733ce7b2-14b9-4262-9aab-6e614f0b895e,2
79e913d8-365d-4e31-9145-e3002356b051,2
0191ce93-626f-4449-9976-5e9659793990,2
ea081b4d-496f-449c-aad8-19d673d7155c,2
e4ed2bed-9144-4541-9227-e17e6ae7bcf4,2
fcde41d0-ab15-4c11-840b-dc8842e0856d,2
de4ba2f4-c5b3-4156-934f-b5938f3489b0,2
0273850e-9a8b-403b-bab7-72a6139026ca,2
b946868f-cf0c-4619-951d-656a9a808f3b,2
a41a1001-596d-4456-8b22-96bc9907f7b3,0
35679fa5-30f0-4630-bf7f-ac8f69adcd25,2
19c0c4ae-ec02-4dcc-a96c-91c3c04296e3,2
3e1184a1-ddcb-41f1-b3e8-962f6d70ba54,2
e1b77851-d1d9-4b92-ac52-a635f44c5ba4,2
72cc1b52-41e0-4e4f-b5e2-e19633e8549d,2
5fc83f25-67ba-4661-bbc6-0285e3db0c5b,2
fe9d311f-aa22-4f53-9bf8-1d8ec39ce6ff,0
2213ff63-31eb-4c0e-a9aa-4a89df97d619,2
ac77315f-161f-4646-9d02-922fd6daa999,2
0826a3db-1bff-4e37-94e1-96dfd1d05851,2
270275b1-452f-4839-bff5-14e3c68bd025,2
9c95e163-141a-4cae-a0c2-e98ca87be700,2
bd84235d-ade4-4bf9-9fcf-139e1e4afb0f,2
9b169444-884f-4a19-821a-ac6361cd252a,2
e40a7491-baf0-4a53-879c-ec8dd0f2f6a0,2
9f3d229a-d51b-4cb5-8c06-b1a382562208,2
f4112342-5cf8-4290-8f8e-bac2a3358373,2
332f0a77-9ce4-4814-a4cb-2f561d8253e5,2
fdca85c8-0392-48b1-a08d-2ac534bb2aed,2
3292f118-1052-43dd-9f63-094d0ae289cc,2
0180730f-44a1-498b-98a0-af6bd9518830,2
a7c22c72-2829-4c8b-aff5-c8e83dc1b1a6,0
59de6e39-5d6f-4b01-8e5b-e98b722e7e95,2
f41ec1a7-6b2a-4f18-971b-6bc266e4b4a5,2
ea4f2a10-0994-4d92-beed-d0e6a9758e1d,2
99ca244c-2468-4ce1-b196-3811387f5608,2
651aee21-c7b1-4677-873c-698056397ebc,2
a617e8b6-268e-4e6e-bd73-2edd5fd9f2b6,2
645028ce-8723-4d0b-aa7d-fa37ed8a0157,2
acdfc3d3-dcc6-40f1-b9ee-56cd9ba19092,2
1a0328b6-6863-4ad7-b778-e78d5df46f70,2
5e5b3fe0-23fb-4c0c-bf47-33f2b743ccc9,2
0822505b-b8d6-411b-9e8c-e408f44e4b4f,2
9d989d3f-31e5-4eae-8a1f-a149d0321105,2
899d828a-8b00-408a-82d6-f07d1ca1eafa,2
7a9c4301-dc51-4814-9889-5f5931d1e09c,2
a8f7797b-92dd-44cd-adbf-53aa803b76d8,0
80bc0434-6117-4841-8740-7fbb2c3b3117,0
1c3a5071-5992-4361-a97d-83ec5330ce4d,2
ad0a99ff-5ddd-4e59-9b18-5046c682d307,0
c70b7c35-a802-46f8-9d2b-6bb61e6d0965,0
396cff4f-6558-44a5-9e76-623fa6af2441,0
ba94aef6-ddcd-43d9-a9f9-044d3e80a781,2
f7746ed2-cfa6-4db4-a493-cceafa9db1ff,2
19ed44c7-8a35-4b59-9359-c13bc8549231,2
51b74ce5-54eb-4dae-932d-b2013eb457cf,0
0772ca27-c228-499c-b706-26886e39b95e,0
f26b3309-d694-466a-99fe-cb7d57b83133,0
93b33523-75b9-48bd-bb1e-55eb1ce98224,2
1c38b9bc-c7ee-498c-8b3d-0524608bd547,2
b63ff299-3fcc-4242-b4bc-72c2fb3b45d6,2
7c7302fd-8b08-48b5-b53b-5e87af901d7f,2
55bd91b1-3eae-4b70-a8e4-0ba3909abb8a,0
8e7db799-a0c4-43cc-9c47-8d31e6ca0a8d,0
c3ef1636-fe77-495e-b633-ad6b415b3db0,2
6c0852e3-470c-4687-94c2-793c89cd9a5c,0
f81f44be-504d-48fe-8158-bb6d8fef40a8,0
e657d6a7-6a6c-4316-935e-e8af6be5a7f0,0
b9ee935b-b73a-45fe-8dd0-53627458c227,0
33571611-44b2-4e79-ac5e-a3bb3525ff2b,0
8af697fc-228e-4bf5-85e3-035553e908fc,0
5f661186-66af-49a0-8226-606bbb189bda,2
5ddb5d90-087f-4c5b-81f3-ed5c8ba4c5eb,2
dd3d0e4e-0d65-4cd1-b338-7a0d0ea5b492,2
c010f36a-a8ca-4af0-befc-367c68821af6,2
2868a200-0046-40e3-ac93-c5798683998f,2
9d5da669-f741-4336-99f2-7692fe24e64d,2
f35da26e-d71e-4d06-8f2b-c126db26e10b,2
c07f7fb7-797c-4a99-996d-868673c927b3,0
1a39afc8-bb87-4195-8031-0eb17a451206,2
272f3894-0823-446f-9657-be9e3af40d0b,2
20e79d90-e4e5-4180-ace4-312aefdbd5c0,2
7d9be0b9-2ec0-4936-8698-637108cf0505,2
ba92b943-5222-472f-992a-818e2659360f,2
3704ad58-9e3c-4b08-bae4-ce199c9c1e57,2
14348ff3-01f7-4971-ac1c-a890b78e5d14,0
0c1fc847-e456-4c2c-98f9-9af11847ec39,2
136e2a01-91a7-4ccd-a67e-f10bf26663d0,2
095ec4c0-434a-4660-9928-d93aceeb1d08,0
d9b3c268-fb69-4c16-b321-174a6b327c6a,0
100e8942-0523-48e6-bc80-1b27cdaf2f0c,0
00d9e5e0-86aa-4ea6-a937-b5bd17d1d3f4,2
373733a2-187b-46b9-9c77-7c8911d053e0,0
fd206450-01a2-4db3-a3ed-31b9d2f323ff,2
42dedce6-98ab-4c8b-8729-e6580e67e5e9,2
d13c6e0b-539b-40e7-8835-9810515a4ff7,2
edcd32b6-d109-4afb-a970-41497a16bd20,2
69ab03f8-9a8b-451f-ad55-d3b2ece90e1b,2
46b67a57-24c7-4a0d-aa09-89d2f1a6499b,2
edea92a3-d75a-47aa-a451-4c5ca2bb6f6a,2
05496320-2450-41a3-94d0-4950c6204a45,2
b9308841-82ad-480f-9f48-1ffd088f0a2e,0
5712f18b-608d-4b34-9aeb-b74f9c2fb833,2
29707bfd-e4d9-48b0-a225-4db69d06a353,2
a63bbcf7-738d-40af-9e1c-f3f7c52b8e6f,2
76beb69e-21ad-4f91-9cc6-873ca7d0ad89,0
c3ac752b-ec91-4b35-946a-a1a5f60fe524,2
dc6cbf1c-018c-42ee-9983-d485ee30ecd0,2
82807e18-1b32-42ea-91ce-af8dc4450d43,2
2c3301e2-3541-4c79-b5ab-1e2ec132cbb3,2
7f5bf4ce-5943-4834-968d-4fc186c6ca95,0
35cd0ec1-a7df-4f13-b0ce-3b31968f4fb8,2
3d432fc0-f7c2-4a2f-992e-201d76fe0cab,2
fb530df4-00b1-47e1-9a5a-9a788e329fd7,2
32d1a884-659d-4aa3-bb24-3e32649a7f05,0
8ed1fff5-501f-40fd-87ec-1825cbd8a28a,0
6de938e7-d683-4734-94d4-76bf595499f5,0
60664568-76a7-41a2-8a44-8933496b8a25,2
47675c22-3eac-4fd2-a5fe-9271c65f4aa5,2
d0e6fc49-3efb-4c09-aea4-4162e0f85bca,0
b215a307-3fc5-4ac9-b9dc-1da110ea2352,2
f1490fda-1861-4b51-8125-7830b98145d6,2
08fd451f-4315-4cfa-bca9-ad3a81530c2b,2
cfa126dd-79e6-4a2e-bc18-88aef8392e1c,2
111f0d25-f4e0-45fd-a462-2f35109e20b0,2
4a2655fc-28f8-4698-af64-a46f78a8dc73,2
2facf61a-1e74-4bff-9e1e-0894302541e6,0
27077934-1086-4c82-b927-02b80c982f65,0
427b7e37-24d6-400b-a10e-7f74a0f39344,2
151aeec8-7b66-4a4c-ac9f-3821d1984d74,0
0bc53802-24bd-4a92-b7be-200bf8157ac8,2
547e5904-7e16-4443-a0ce-3e97412be7c7,0
c09ecda5-c8f5-45d5-bab8-5d52bcde5b99,0
65538761-1633-4026-92fe-1c52e703419e,2
0e3ff53b-f8f8-47cd-8efa-08c4bde0441a,2
907140ee-cebb-47bf-a2cf-af69b839b727,2
c25ac048-1620-43d0-86ce-f4801d3e581a,0
41bf4aee-028d-4930-92ea-8781f741fd36,2
681f21b8-0f9f-429b-86ae-7544078cd960,2
5cd839d9-ebc5-4ed1-87b4-09775dd46295,2
6a6ea5df-d568-40af-a1cd-a9454edc45c5,0
e60c1957-ba24-40a7-8a53-8472747f25a3,0
94a245db-7217-4ea8-8819-f42d1d43d833,1
298fbb99-1823-4814-85be-ede774913a7c,3
1e9669c8-1211-43d2-8141-facfcb9ce598,2
b4fdb80b-fdfe-4ba4-962f-f1a8eef999ce,2
9da0ee17-53a5-4501-a4c3-30ce72daa572,2
e944285d-abfe-4834-affd-70442331fa79,2
60ffbfc0-c87a-45e5-ac6f-6d127ed21679,2
326dbbd0-92fa-47b2-93d1-9452edba925c,2
a28862a0-e65d-4dcc-9404-837c393572a6,2
d891c702-5f55-44b7-86cf-25bae8eadea6,2
9ee3bb69-efa0-48a4-a08c-d5d06e212d1d,0
9c6171a7-33e9-4833-b846-dd0a3af0b891,2
b7019a1c-3126-40a5-b55e-032aeab447fa,0
315c8588-275c-4e1d-8f05-653c14c0a021,2
ee487875-e610-4ae0-bfda-291e4d6cc380,2
0f984bdf-5aa0-412e-8204-427155489bd0,2
be4eff9f-ae9e-404d-ab40-b0934ed8ed84,2
4e26d475-6edf-4844-8338-46cb48dcf931,0
c91bd85d-becb-4e29-b927-6b7614f8f27a,2
28bb93c8-0c61-4f3c-b694-26c2253a3c5e,2
8673f93c-0b51-4021-ab4f-96358dc05048,0
7ebad131-ff8a-4bb4-8dc9-0b3fdf5cf2af,2
f3713425-c082-4636-81eb-169e3816028d,2
710ebcf6-d041-4923-b746-844cc0def09f,2
5302f127-8e9b-4fce-94d4-68dff9dc390c,2
3b0ee51b-52b4-4cdb-92d3-5de00b39a87a,0
848889a6-698d-4193-9dcb-5a5f8c0a3b8f,0
15cc2a6f-57cf-4f89-b8d7-0e5881d311bb,2
f067b3c2-204e-49a1-8a76-3a3d23a131f0,2
8641718b-c030-4db5-8cae-8fc5302ed36d,2
7e347a3b-7e97-430b-bdcf-25cc25faf3ee,2
ff54cc87-2acb-4418-ae20-86aa83efb19f,2
ea3f1cfe-3d80-41db-b883-10cbae9faf8c,2
a74dfda3-9cf3-472d-980a-f58de9c2d721,2
c7341ba5-686b-4beb-94e5-b6a1b30ab7a0,2
a88d9f12-895c-4d7d-8617-ef0f66e7b78a,2
bcd5e4ed-57dd-4332-ba2a-9ada2e342583,2
ff5b39d0-d8ec-41a8-92b6-0cb203f06a22,2
e82475c5-ac5e-46d1-8477-8d3186f159ae,2
dad40a39-0567-4b3e-a731-080843855383,2
9059f012-3f53-4b4a-8f5e-db91b7d7e1ca,0
4a268d78-f0e6-4840-b2bc-3578b482563a,0
a559f375-862e-4940-8260-bb513548e8b4,2
48353bc0-41dd-438d-9812-4e8769a5a4a9,2
95606a3c-7cd2-4f60-aeed-4509462c0e0b,0
cff2c945-7c61-4922-b7fa-aedf9ce728f2,0
8cf18402-30b6-4e04-a2a2-ea413ff2c11f,0
79a140f2-6484-4b5e-9daf-8f02897066ba,2
739393bf-3d34-4a12-bb70-14db7d95e11d,0
0b7b8d98-4e73-410b-a378-48219322b5ce,0
1ec5c0f9-8fed-4a08-9cb9-844e3f31695d,0
c37a72f1-0e56-41fd-a9a7-ec76300bb03f,2
e4df1c7c-9e5d-4d6d-be86-3ece4bf58e67,0
d30d14ff-a6de-4038-9682-83ee239efde5,0
4e17f2db-c095-48a5-a329-1764f88ca343,0
ed8b5491-6647-4c06-890e-6301fbfdbba7,0
94390f78-d65a-48f1-9103-fda97b944b89,2
8a0d49c2-825a-422d-823e-08e34be14a7e,2
fe7bc084-f4f6-40ee-9b85-f36cfd3cf908,0
28381747-16ba-4367-b0ae-9198246bd6cc,2
cf322545-063f-451c-97ab-a1c6520c5982,2
43e75d10-bb4e-413f-914b-3dff649ddf82,2
4cafda9c-06ea-4410-9254-075d02ca77f5,2
de330ca9-dd52-4a9b-9438-c85273cd57a5,2
d46b78b1-5ce6-4327-9c38-7a0557a70da2,2
e7a2ba1b-1656-4894-b7d1-74242347b14b,2
e30fdda8-3e98-475e-a175-7893aadb0c0b,2
9589a9f1-e301-42d7-9ffe-4a0d84f9aaa8,2
df6ec53a-79fa-4792-9bbe-927803a24c39,2
3f47d71f-e763-41e7-aa81-7ff0ee5580d9,2
80e6bccc-13bb-431e-9baf-ca76c490ca34,2
241da0bc-70e5-4932-964f-9101257580f1,2
142ba6da-6d02-411a-b2a0-fd82cfa14983,2
e10cca15-fda0-4362-a1fb-3b15352c6e97,2
86e1e508-f0e2-4158-a1e8-e1a207f2cfb5,2
33cabd5c-ce77-48d1-9d04-1f864fb1ee2b,0
f9ff7f44-f2f8-47af-a081-5d003f43cf02,0
ea99099b-1803-4764-a1c6-c44fb388d558,2
8688f619-f41c-47e6-aabd-03574c3d9422,2
ee0e76c0-9777-48a2-817c-3fc4b2bd0287,2
71840eb4-c56c-4872-8c2a-7c170a66e5bc,2
0c5d0979-991d-4185-9d20-5b6468c31194,2
629392e4-33aa-4767-93cb-1d82b4fc76ad,2
a2cc2029-ac7b-496a-9e8e-30a2bae0f0dc,2
c7fe1fcd-9b88-4a6a-8d53-0c2e13e24ca1,2
e88d08a9-87f5-48c9-9439-3548a200933e,2
35598b88-c792-41a9-9095-54fd753d21bd,2
cb12635d-9541-4e31-bdc9-232b8ab741a4,2
2d5538b6-2995-46be-bb7c-2fa9cd575c1c,2
26057a77-d7f9-4fa5-8852-49abf9505569,2
4aabab35-2797-458a-90b7-983ad4b1a704,2
7aa52e65-0068-47fb-9aa0-b1fc4381572e,2
00a47238-780d-460c-8cc1-1ba7cf9220ec,2
4027a862-e955-4647-9cdf-367e0ad7188c,2
cd24368b-f311-4e38-95e3-5b9f83cc33b7,2
72f57fd2-30be-4d67-b038-ced0dced70da,2
d106b6a5-ebe1-4915-9a4a-73f452f702a1,2
51ba1893-0271-4a40-a11d-92f729759d85,2
dc2704aa-3e9a-4954-a7c4-1964b85cfd2e,2
b05f78c5-ec53-4734-960b-dddee8fa014e,2
2693b9e0-c1e7-45da-ace6-e3b9327e6782,2
8027da2a-abcf-4bcd-b2da-51d7ad5fb4f3,2
15b617f5-d68e-4bd9-81cc-4d540e6030f5,2
c6fe461d-836c-4424-bec5-2afc3345ba3a,2
035aac2c-c0e7-40f0-9bc0-bdbc86b77839,2
66020a5a-b5a2-4f07-bbb1-7b9b687266bb,2
b5da60f1-4e5b-47e3-a4c9-27838a359b33,2
95b4a3ff-aeeb-469c-92cc-d04ab2447b58,2
d81ecd02-86f2-4102-a15f-c2a6bb17d974,2
205199e8-4d5a-4f1b-9da8-cb9234297c8c,0
37e12330-990e-450e-b6b2-419c2763ec27,0
6a13de04-0a6e-42c2-91b1-a87a8a88ed63,2
34a43fe0-9167-40de-aff5-133328f63f10,0
d33b7332-597a-4b22-8f26-0a76221eda0a,2
dfee0670-2713-4920-a492-a3d9293c7d24,0
3814c4c8-5e9a-40bc-b7c5-82b488f7ff59,2
75c6ef75-4613-4344-be97-b964d5cfe2c9,2
07c10a75-0026-4fdb-a9fc-b6b03e5c0be7,0
5e79551a-3a27-4237-b92a-589628a57986,2
fda38d50-a379-443f-b2b0-f425b9e04cee,2
c26a43ac-9051-43a7-acc5-d7c8b3e47478,2
b9d0461d-2467-4477-b2d0-d4085f2f289a,2
ea558b0c-d9f2-4356-a238-72992edf5672,2
12dd4f32-0829-40e4-832b-58308dc002a3,2
372f35d2-ac92-4773-9bba-9c5e1f0c54ff,2
48672d4d-8bc9-4b7d-9556-161e0269a3ff,2
cdb67174-b6e6-47d1-985a-fd8dddd7bb8c,2
012fb733-b490-44b9-a20e-25b519e1297f,2
9d04dbd8-c26a-4239-98f8-8002f1572b85,2
b356aec6-a464-4e6b-9c03-4a29021665e6,2
cd82ab96-a32c-41b2-a027-1c6bae760883,0
a72cbc82-c94a-42a9-9c84-6b7aaaf59340,2
6f5307bd-157e-4342-bceb-94b29b9e8104,2
74cbac92-82ac-4d6c-8794-8d4110ab382a,2
a8b9e2b0-98a7-421c-a1e5-770356e160e7,2
699075ea-67fc-4f08-a407-2fbd3a49eb3d,2
b9ae8424-eb4e-4d3b-9950-9b1c78cfe0e6,3
ddc2887c-edaa-4c3f-ab0e-65f3b0cba14a,1
c6b7ab23-a18f-41c2-853d-0834cf037d05,2
8d002ba8-536b-48f9-af90-83516bd1205d,2
8dd84f0d-3cda-4711-b73f-6a131783cc07,2
9b4115e7-5136-4bd6-9a10-4f587250ec98,2
6076130f-e302-43a1-b915-07a57b4608ee,3
2c69a325-4aa0-4c7c-96ac-d0755bc30191,1
99396321-310c-4173-97b0-1f23741284ed,2
cf0561fd-849d-42fe-8871-9de49e242e54,0
5e18f230-1236-4732-bbda-fc7a4d66ecb9,2
35af1d88-033f-4847-8758-49aacb744d79,2
daa7253d-566b-4e3d-80cc-bd7c86e6cb13,2
cad6f04b-3c87-4792-9120-491de80ee3eb,2
954f5b3a-1d48-4105-9a71-e2fdd949ad17,2
0f7b626c-a28c-40bf-9c70-a7d0b0918adf,2
4a2f02bb-1ad3-4d05-8351-5ee90a43a2b9,2
1d12abd8-eb74-46b4-8576-2b1ee056e107,2
569573d7-b54b-4866-bbea-d53cb871693a,2
c947fe8d-4222-45d5-aef5-b4da1537942d,2
3c480a07-5872-4954-acb7-90666f9eee6c,0
74fab757-f438-4692-b4cc-c3cf57b18ca5,0
1b68bf0e-19a3-42c4-aba4-43a70ea89166,2
043eae40-963e-40d8-82e0-da1a70201435,2
5fb8a92f-1298-46fe-9d97-bff585e5ed18,2
63de2b76-2170-4e99-a055-f56251b45588,2
2eaf0491-71d6-4d5d-ae60-f70e279169e8,2
cca86fcf-23a7-42d9-8bda-d99160bf7d33,2
a0320971-f430-470d-9505-08c5ae7486c0,2
9d5147ca-153e-406e-ad77-83565e1cdae8,2
8e6c9848-8ec4-4622-8df9-f6f6ff7e8d55,2
2545d70d-d3df-4c38-ba19-cb08a3649bac,2
224690e7-daed-4daa-9267-558d8defcfd2,3
e59a4d4a-070f-4030-920c-f090e7f7354f,2
6af9dc18-9cf1-4a73-9911-f29ae69d8a17,2
9c3146fa-f8c0-4816-9eec-e81c1b686083,2
4615122d-3ad0-473e-acda-88d5e8a5341b,2
19088a4d-6de0-494a-9d8b-ef23dfdd82f8,0
7ca9b4b0-6b06-4da5-b132-00bc1cc2c107,0
21d6606a-172b-48b4-a1a7-dae1f946b6f2,0
f06eafc4-b1b1-491e-af7a-d1f9b0952ed6,0
5f589b0a-6787-431a-b51a-1244852022db,2
2b781b05-79db-4309-8cc1-51158d590cd2,0
024a13e8-e6dc-4339-b92f-e57679c4329e,0
0eaabc9f-3532-4ae7-a9d5-9391a7189341,0
2785983a-5675-49a3-b7e4-4e805da50d34,0
0f13d9e7-af3d-4d7f-a09b-680edffb9715,0
438dc769-282e-44ec-a967-a475c5a98da7,0
f8b2f8a2-77e3-49df-a7cb-3e43697aaa90,2
3254096f-3e15-4dfd-b94d-8abccfc6cf57,2
28ea192f-d67c-42a4-9e76-e0301be385ec,0
a5b07e08-be00-4cac-ada1-b471f5ea6a7a,0
14d54793-6a13-4f0a-a5f9-7265b7a687bc,0
0a59c74b-75ee-47aa-a64e-36df94313154,0
7820291e-bb84-4e02-9df0-9bf38683a3e0,2
ac86c345-4ca0-477c-ae1c-df8fdd26fe99,2
0ce18bcd-7bc8-40c4-a180-b132d2ab3aad,2
ad0b7832-5b11-4863-87c8-a2a045c80e28,2
62c02818-c627-4c55-b022-1e48761e9e58,2
ee228a82-ec89-4619-af50-957928dea292,0
f2aa9b62-8cc0-4fe1-85d6-618cb66170a5,2
6a9d30ba-8120-421d-a898-b0598358c35a,0
0238f2d5-f129-40d2-8850-889e316f3e20,2
2798e3d3-fde8-413b-85a1-2a23fa0ec1ec,0
e0d9379c-6b6b-4455-97e8-5b65e3f148ac,0
7cddb1a5-17b9-4b27-a427-850a06ce9d71,0
ff9e7505-8f4d-4755-81fb-b9984ae23386,2
3ce968cc-2188-42f8-b055-5359dfed6cea,2
a2bd348c-cf06-4510-a605-76184f23a71e,0
22170a3a-e49f-4c94-aaba-31cbb7012c20,0
ed14a5f0-7569-4de0-924e-1eb412fb58f6,0
4d386c03-2850-423f-8b1e-fd310ccf7c02,2
0d1f02dc-2352-48ad-903b-6b8a31ff5341,0
01e292e5-eb60-4ab6-b2b3-8215f710e6d9,0
bc52834b-9f6d-4c4f-95fe-53d107ddd843,0
dadb3d0b-d04f-4e27-842c-0619baead1e7,2
61c267b8-c565-40fd-81b4-49ec213380cc,2
4b6e9ace-d810-458c-ac31-884905f91eb1,0
69bed0ea-dd4a-47ce-90d1-09d73e873aa9,0
3b5748e3-4092-49dc-a5ad-dac306ee7b32,2
b0fdf38c-2c8a-417c-8b34-bc466504cbb1,2
98e353ec-a9b4-4e2c-8a8c-c3e1ed4fb3ef,2
a2d8f872-b15a-4680-8528-9a27c9609eda,2
ae887969-87db-49be-a80a-4c0c28e8fe1c,2
a3ee3c50-f4c3-46cc-986a-b37fc07db41b,2
a5870c43-d377-48d6-9a9c-65222ecf6dba,0
10b9ba36-f077-442c-b690-f3436cd83965,2
14d5bbbb-c097-4707-9963-08fd79f9df22,2
e652f957-7005-4c95-b510-5e3f985ca4e2,2
1ae397a7-c50a-4a79-8ee7-12705414c4f0,2
5f7c2067-e320-4b41-9c42-151266fe21d6,2
3db245a2-96a0-41eb-8d0d-12b71ba5f84a,2
73b71143-d5d3-4f92-be2f-8494f5bbeda5,2
